2,20-May-2013 00:00:00
2,20-May-2013 00:15:00
2,20-May-2013 00:30:00
2,20-May-2013 00:45:00
2,20-May-2013 01:00:00
2,20-May-2013 01:15:00
2,20-May-2013 01:30:00
2,20-May-2013 01:45:00
2,20-May-2013 02:00:00
2,20-May-2013 02:15:00
2,20-May-2013 02:30:00
2,20-May-2013 02:45:00
2,20-May-2013 03:00:00
2,20-May-2013 03:15:00
2,20-May-2013 03:30:00
2,20-May-2013 03:45:00
2,20-May-2013 04:00:00
2,20-May-2013 04:15:00
2,20-May-2013 04:30:00
2,20-May-2013 04:45:00
2,20-May-2013 05:00:00
2,20-May-2013 05:15:00
2,20-May-2013 05:30:00
2,20-May-2013 05:45:00
2,20-May-2013 06:00:00
2,20-May-2013 06:15:00
2,20-May-2013 06:30:00
2,20-May-2013 06:45:00
2,20-May-2013 07:00:00
2,20-May-2013 07:15:00
2,20-May-2013 07:30:00
2,20-May-2013 07:45:00
1,20-May-2013 08:00:00
1,20-May-2013 08:15:00
1,20-May-2013 08:30:00
1,20-May-2013 08:45:00
0,20-May-2013 09:00:00
0,20-May-2013 09:15:00
0,20-May-2013 09:30:00
0,20-May-2013 09:45:00
0,20-May-2013 10:00:00
0,20-May-2013 10:15:00
0,20-May-2013 10:30:00
0,20-May-2013 10:45:00
0,20-May-2013 11:00:00
0,20-May-2013 11:15:00
0,20-May-2013 11:30:00
0,20-May-2013 11:45:00
0,20-May-2013 12:00:00
0,20-May-2013 12:15:00
0,20-May-2013 12:30:00
0,20-May-2013 12:45:00
0,20-May-2013 13:00:00
0,20-May-2013 13:15:00
0,20-May-2013 13:30:00
0,20-May-2013 13:45:00
0,20-May-2013 14:00:00
0,20-May-2013 14:15:00
0,20-May-2013 14:30:00
0,20-May-2013 14:45:00
0,20-May-2013 15:00:00
0,20-May-2013 15:15:00
0,20-May-2013 15:30:00
0,20-May-2013 15:45:00
0,20-May-2013 16:00:00
0,20-May-2013 16:15:00
0,20-May-2013 16:30:00
0,20-May-2013 16:45:00
0,20-May-2013 17:00:00
0,20-May-2013 17:15:00
0,20-May-2013 17:30:00
0,20-May-2013 17:45:00
0,20-May-2013 18:00:00
1,20-May-2013 18:15:00
1,20-May-2013 18:30:00
1,20-May-2013 18:45:00
1,20-May-2013 19:00:00
1,20-May-2013 19:15:00
1,20-May-2013 19:30:00
1,20-May-2013 19:45:00
1,20-May-2013 20:00:00
1,20-May-2013 20:15:00
1,20-May-2013 20:30:00
1,20-May-2013 20:45:00
1,20-May-2013 21:00:00
1,20-May-2013 21:15:00
1,20-May-2013 21:30:00
1,20-May-2013 21:45:00
1,20-May-2013 22:00:00
1,20-May-2013 22:15:00
1,20-May-2013 22:30:00
1,20-May-2013 22:45:00
1,20-May-2013 23:00:00
1,20-May-2013 23:15:00
1,20-May-2013 23:30:00
2,20-May-2013 23:45:00
2,21-May-2013 00:00:00
2,21-May-2013 00:15:00
2,21-May-2013 00:30:00
2,21-May-2013 00:45:00
2,21-May-2013 01:00:00
2,21-May-2013 01:15:00
2,21-May-2013 01:30:00
2,21-May-2013 01:45:00
2,21-May-2013 02:00:00
2,21-May-2013 02:15:00
2,21-May-2013 02:30:00
2,21-May-2013 02:45:00
2,21-May-2013 03:00:00
2,21-May-2013 03:15:00
2,21-May-2013 03:30:00
2,21-May-2013 03:45:00
2,21-May-2013 04:00:00
2,21-May-2013 04:15:00
2,21-May-2013 04:30:00
2,21-May-2013 04:45:00
2,21-May-2013 05:00:00
2,21-May-2013 05:15:00
2,21-May-2013 05:30:00
2,21-May-2013 05:45:00
2,21-May-2013 06:00:00
2,21-May-2013 06:15:00
2,21-May-2013 06:30:00
2,21-May-2013 06:45:00
2,21-May-2013 07:00:00
2,21-May-2013 07:15:00
2,21-May-2013 07:30:00
2,21-May-2013 07:45:00
1,21-May-2013 08:00:00
1,21-May-2013 08:15:00
1,21-May-2013 08:30:00
1,21-May-2013 08:45:00
0,21-May-2013 09:00:00
0,21-May-2013 09:15:00
0,21-May-2013 09:30:00
0,21-May-2013 09:45:00
0,21-May-2013 10:00:00
0,21-May-2013 10:15:00
0,21-May-2013 10:30:00
0,21-May-2013 10:45:00
0,21-May-2013 11:00:00
0,21-May-2013 11:15:00
0,21-May-2013 11:30:00
0,21-May-2013 11:45:00
0,21-May-2013 12:00:00
0,21-May-2013 12:15:00
0,21-May-2013 12:30:00
0,21-May-2013 12:45:00
0,21-May-2013 13:00:00
0,21-May-2013 13:15:00
0,21-May-2013 13:30:00
0,21-May-2013 13:45:00
0,21-May-2013 14:00:00
0,21-May-2013 14:15:00
0,21-May-2013 14:30:00
0,21-May-2013 14:45:00
0,21-May-2013 15:00:00
0,21-May-2013 15:15:00
0,21-May-2013 15:30:00
0,21-May-2013 15:45:00
0,21-May-2013 16:00:00
0,21-May-2013 16:15:00
0,21-May-2013 16:30:00
0,21-May-2013 16:45:00
0,21-May-2013 17:00:00
0,21-May-2013 17:15:00
0,21-May-2013 17:30:00
1,21-May-2013 17:45:00
1,21-May-2013 18:00:00
1,21-May-2013 18:15:00
1,21-May-2013 18:30:00
1,21-May-2013 18:45:00
1,21-May-2013 19:00:00
1,21-May-2013 19:15:00
1,21-May-2013 19:30:00
1,21-May-2013 19:45:00
1,21-May-2013 20:00:00
1,21-May-2013 20:15:00
1,21-May-2013 20:30:00
1,21-May-2013 20:45:00
1,21-May-2013 21:00:00
1,21-May-2013 21:15:00
1,21-May-2013 21:30:00
1,21-May-2013 21:45:00
1,21-May-2013 22:00:00
1,21-May-2013 22:15:00
1,21-May-2013 22:30:00
1,21-May-2013 22:45:00
1,21-May-2013 23:00:00
1,21-May-2013 23:15:00
1,21-May-2013 23:30:00
1,21-May-2013 23:45:00
2,22-May-2013 00:00:00
2,22-May-2013 00:15:00
2,22-May-2013 00:30:00
2,22-May-2013 00:45:00
2,22-May-2013 01:00:00
2,22-May-2013 01:15:00
2,22-May-2013 01:30:00
2,22-May-2013 01:45:00
2,22-May-2013 02:00:00
2,22-May-2013 02:15:00
2,22-May-2013 02:30:00
2,22-May-2013 02:45:00
2,22-May-2013 03:00:00
2,22-May-2013 03:15:00
2,22-May-2013 03:30:00
2,22-May-2013 03:45:00
2,22-May-2013 04:00:00
2,22-May-2013 04:15:00
2,22-May-2013 04:30:00
2,22-May-2013 04:45:00
2,22-May-2013 05:00:00
2,22-May-2013 05:15:00
2,22-May-2013 05:30:00
2,22-May-2013 05:45:00
2,22-May-2013 06:00:00
2,22-May-2013 06:15:00
2,22-May-2013 06:30:00
2,22-May-2013 06:45:00
1,22-May-2013 07:00:00
1,22-May-2013 07:15:00
0,22-May-2013 07:30:00
0,22-May-2013 07:45:00
0,22-May-2013 08:00:00
0,22-May-2013 08:15:00
0,22-May-2013 08:30:00
0,22-May-2013 08:45:00
0,22-May-2013 09:00:00
0,22-May-2013 09:15:00
0,22-May-2013 09:30:00
0,22-May-2013 09:45:00
0,22-May-2013 10:00:00
0,22-May-2013 10:15:00
0,22-May-2013 10:30:00
0,22-May-2013 10:45:00
0,22-May-2013 11:00:00
0,22-May-2013 11:15:00
0,22-May-2013 11:30:00
0,22-May-2013 11:45:00
0,22-May-2013 12:00:00
0,22-May-2013 12:15:00
0,22-May-2013 12:30:00
0,22-May-2013 12:45:00
0,22-May-2013 13:00:00
0,22-May-2013 13:15:00
0,22-May-2013 13:30:00
0,22-May-2013 13:45:00
0,22-May-2013 14:00:00
0,22-May-2013 14:15:00
0,22-May-2013 14:30:00
0,22-May-2013 14:45:00
0,22-May-2013 15:00:00
0,22-May-2013 15:15:00
0,22-May-2013 15:30:00
0,22-May-2013 15:45:00
0,22-May-2013 16:00:00
0,22-May-2013 16:15:00
0,22-May-2013 16:30:00
0,22-May-2013 16:45:00
0,22-May-2013 17:00:00
0,22-May-2013 17:15:00
0,22-May-2013 17:30:00
0,22-May-2013 17:45:00
0,22-May-2013 18:00:00
0,22-May-2013 18:15:00
0,22-May-2013 18:30:00
1,22-May-2013 18:45:00
1,22-May-2013 19:00:00
1,22-May-2013 19:15:00
1,22-May-2013 19:30:00
1,22-May-2013 19:45:00
1,22-May-2013 20:00:00
1,22-May-2013 20:15:00
1,22-May-2013 20:30:00
1,22-May-2013 20:45:00
1,22-May-2013 21:00:00
1,22-May-2013 21:15:00
1,22-May-2013 21:30:00
1,22-May-2013 21:45:00
1,22-May-2013 22:00:00
1,22-May-2013 22:15:00
1,22-May-2013 22:30:00
1,22-May-2013 22:45:00
1,22-May-2013 23:00:00
1,22-May-2013 23:15:00
2,22-May-2013 23:30:00
2,22-May-2013 23:45:00
2,23-May-2013 00:00:00
2,23-May-2013 00:15:00
2,23-May-2013 00:30:00
2,23-May-2013 00:45:00
2,23-May-2013 01:00:00
2,23-May-2013 01:15:00
2,23-May-2013 01:30:00
2,23-May-2013 01:45:00
2,23-May-2013 02:00:00
2,23-May-2013 02:15:00
2,23-May-2013 02:30:00
2,23-May-2013 02:45:00
2,23-May-2013 03:00:00
2,23-May-2013 03:15:00
2,23-May-2013 03:30:00
2,23-May-2013 03:45:00
2,23-May-2013 04:00:00
2,23-May-2013 04:15:00
2,23-May-2013 04:30:00
2,23-May-2013 04:45:00
2,23-May-2013 05:00:00
2,23-May-2013 05:15:00
2,23-May-2013 05:30:00
2,23-May-2013 05:45:00
2,23-May-2013 06:00:00
2,23-May-2013 06:15:00
2,23-May-2013 06:30:00
2,23-May-2013 06:45:00
2,23-May-2013 07:00:00
2,23-May-2013 07:15:00
2,23-May-2013 07:30:00
2,23-May-2013 07:45:00
1,23-May-2013 08:00:00
1,23-May-2013 08:15:00
1,23-May-2013 08:30:00
1,23-May-2013 08:45:00
0,23-May-2013 09:00:00
0,23-May-2013 09:15:00
0,23-May-2013 09:30:00
0,23-May-2013 09:45:00
0,23-May-2013 10:00:00
0,23-May-2013 10:15:00
0,23-May-2013 10:30:00
0,23-May-2013 10:45:00
0,23-May-2013 11:00:00
0,23-May-2013 11:15:00
0,23-May-2013 11:30:00
0,23-May-2013 11:45:00
0,23-May-2013 12:00:00
0,23-May-2013 12:15:00
0,23-May-2013 12:30:00
0,23-May-2013 12:45:00
0,23-May-2013 13:00:00
0,23-May-2013 13:15:00
0,23-May-2013 13:30:00
0,23-May-2013 13:45:00
0,23-May-2013 14:00:00
0,23-May-2013 14:15:00
0,23-May-2013 14:30:00
0,23-May-2013 14:45:00
0,23-May-2013 15:00:00
0,23-May-2013 15:15:00
0,23-May-2013 15:30:00
0,23-May-2013 15:45:00
0,23-May-2013 16:00:00
0,23-May-2013 16:15:00
0,23-May-2013 16:30:00
0,23-May-2013 16:45:00
0,23-May-2013 17:00:00
0,23-May-2013 17:15:00
1,23-May-2013 17:30:00
1,23-May-2013 17:45:00
1,23-May-2013 18:00:00
1,23-May-2013 18:15:00
1,23-May-2013 18:30:00
0,23-May-2013 18:45:00
0,23-May-2013 19:00:00
0,23-May-2013 19:15:00
0,23-May-2013 19:30:00
0,23-May-2013 19:45:00
0,23-May-2013 20:00:00
1,23-May-2013 20:15:00
1,23-May-2013 20:30:00
1,23-May-2013 20:45:00
1,23-May-2013 21:00:00
1,23-May-2013 21:15:00
1,23-May-2013 21:30:00
1,23-May-2013 21:45:00
1,23-May-2013 22:00:00
1,23-May-2013 22:15:00
1,23-May-2013 22:30:00
1,23-May-2013 22:45:00
1,23-May-2013 23:00:00
1,23-May-2013 23:15:00
1,23-May-2013 23:30:00
2,23-May-2013 23:45:00
2,24-May-2013 00:00:00
2,24-May-2013 00:15:00
2,24-May-2013 00:30:00
2,24-May-2013 00:45:00
2,24-May-2013 01:00:00
2,24-May-2013 01:15:00
2,24-May-2013 01:30:00
2,24-May-2013 01:45:00
2,24-May-2013 02:00:00
2,24-May-2013 02:15:00
2,24-May-2013 02:30:00
2,24-May-2013 02:45:00
2,24-May-2013 03:00:00
2,24-May-2013 03:15:00
2,24-May-2013 03:30:00
2,24-May-2013 03:45:00
2,24-May-2013 04:00:00
2,24-May-2013 04:15:00
2,24-May-2013 04:30:00
2,24-May-2013 04:45:00
2,24-May-2013 05:00:00
2,24-May-2013 05:15:00
2,24-May-2013 05:30:00
2,24-May-2013 05:45:00
2,24-May-2013 06:00:00
2,24-May-2013 06:15:00
2,24-May-2013 06:30:00
2,24-May-2013 06:45:00
2,24-May-2013 07:00:00
2,24-May-2013 07:15:00
2,24-May-2013 07:30:00
2,24-May-2013 07:45:00
1,24-May-2013 08:00:00
1,24-May-2013 08:15:00
1,24-May-2013 08:30:00
0,24-May-2013 08:45:00
0,24-May-2013 09:00:00
0,24-May-2013 09:15:00
0,24-May-2013 09:30:00
0,24-May-2013 09:45:00
0,24-May-2013 10:00:00
0,24-May-2013 10:15:00
0,24-May-2013 10:30:00
0,24-May-2013 10:45:00
0,24-May-2013 11:00:00
0,24-May-2013 11:15:00
0,24-May-2013 11:30:00
0,24-May-2013 11:45:00
0,24-May-2013 12:00:00
0,24-May-2013 12:15:00
0,24-May-2013 12:30:00
0,24-May-2013 12:45:00
0,24-May-2013 13:00:00
0,24-May-2013 13:15:00
0,24-May-2013 13:30:00
0,24-May-2013 13:45:00
0,24-May-2013 14:00:00
0,24-May-2013 14:15:00
0,24-May-2013 14:30:00
0,24-May-2013 14:45:00
0,24-May-2013 15:00:00
0,24-May-2013 15:15:00
0,24-May-2013 15:30:00
0,24-May-2013 15:45:00
0,24-May-2013 16:00:00
0,24-May-2013 16:15:00
0,24-May-2013 16:30:00
0,24-May-2013 16:45:00
0,24-May-2013 17:00:00
0,24-May-2013 17:15:00
0,24-May-2013 17:30:00
0,24-May-2013 17:45:00
1,24-May-2013 18:00:00
1,24-May-2013 18:15:00
1,24-May-2013 18:30:00
1,24-May-2013 18:45:00
1,24-May-2013 19:00:00
1,24-May-2013 19:15:00
1,24-May-2013 19:30:00
1,24-May-2013 19:45:00
1,24-May-2013 20:00:00
1,24-May-2013 20:15:00
1,24-May-2013 20:30:00
1,24-May-2013 20:45:00
1,24-May-2013 21:00:00
1,24-May-2013 21:15:00
0,24-May-2013 21:30:00
0,24-May-2013 21:45:00
0,24-May-2013 22:00:00
0,24-May-2013 22:15:00
0,24-May-2013 22:30:00
0,24-May-2013 22:45:00
0,24-May-2013 23:00:00
0,24-May-2013 23:15:00
0,24-May-2013 23:30:00
0,24-May-2013 23:45:00
0,25-May-2013 00:00:00
0,25-May-2013 00:15:00
0,25-May-2013 00:30:00
0,25-May-2013 00:45:00
0,25-May-2013 01:00:00
0,25-May-2013 01:15:00
0,25-May-2013 01:30:00
1,25-May-2013 01:45:00
1,25-May-2013 02:00:00
1,25-May-2013 02:15:00
2,25-May-2013 02:30:00
2,25-May-2013 02:45:00
2,25-May-2013 03:00:00
2,25-May-2013 03:15:00
2,25-May-2013 03:30:00
2,25-May-2013 03:45:00
2,25-May-2013 04:00:00
2,25-May-2013 04:15:00
2,25-May-2013 04:30:00
2,25-May-2013 04:45:00
2,25-May-2013 05:00:00
2,25-May-2013 05:15:00
2,25-May-2013 05:30:00
2,25-May-2013 05:45:00
2,25-May-2013 06:00:00
2,25-May-2013 06:15:00
2,25-May-2013 06:30:00
2,25-May-2013 06:45:00
2,25-May-2013 07:00:00
2,25-May-2013 07:15:00
2,25-May-2013 07:30:00
2,25-May-2013 07:45:00
2,25-May-2013 08:00:00
2,25-May-2013 08:15:00
2,25-May-2013 08:30:00
2,25-May-2013 08:45:00
2,25-May-2013 09:00:00
2,25-May-2013 09:15:00
2,25-May-2013 09:30:00
2,25-May-2013 09:45:00
2,25-May-2013 10:00:00
2,25-May-2013 10:15:00
2,25-May-2013 10:30:00
1,25-May-2013 10:45:00
1,25-May-2013 11:00:00
1,25-May-2013 11:15:00
1,25-May-2013 11:30:00
1,25-May-2013 11:45:00
1,25-May-2013 12:00:00
1,25-May-2013 12:15:00
1,25-May-2013 12:30:00
1,25-May-2013 12:45:00
1,25-May-2013 13:00:00
1,25-May-2013 13:15:00
1,25-May-2013 13:30:00
1,25-May-2013 13:45:00
1,25-May-2013 14:00:00
1,25-May-2013 14:15:00
1,25-May-2013 14:30:00
0,25-May-2013 14:45:00
0,25-May-2013 15:00:00
0,25-May-2013 15:15:00
0,25-May-2013 15:30:00
0,25-May-2013 15:45:00
0,25-May-2013 16:00:00
0,25-May-2013 16:15:00
0,25-May-2013 16:30:00
0,25-May-2013 16:45:00
0,25-May-2013 17:00:00
0,25-May-2013 17:15:00
0,25-May-2013 17:30:00
1,25-May-2013 17:45:00
1,25-May-2013 18:00:00
1,25-May-2013 18:15:00
1,25-May-2013 18:30:00
1,25-May-2013 18:45:00
1,25-May-2013 19:00:00
1,25-May-2013 19:15:00
1,25-May-2013 19:30:00
0,25-May-2013 19:45:00
0,25-May-2013 20:00:00
0,25-May-2013 20:15:00
0,25-May-2013 20:30:00
0,25-May-2013 20:45:00
0,25-May-2013 21:00:00
0,25-May-2013 21:15:00
0,25-May-2013 21:30:00
0,25-May-2013 21:45:00
1,25-May-2013 22:00:00
1,25-May-2013 22:15:00
1,25-May-2013 22:30:00
1,25-May-2013 22:45:00
1,25-May-2013 23:00:00
1,25-May-2013 23:15:00
1,25-May-2013 23:30:00
1,25-May-2013 23:45:00
2,26-May-2013 00:00:00
2,26-May-2013 00:15:00
2,26-May-2013 00:30:00
2,26-May-2013 00:45:00
2,26-May-2013 01:00:00
2,26-May-2013 01:15:00
2,26-May-2013 01:30:00
2,26-May-2013 01:45:00
2,26-May-2013 02:00:00
2,26-May-2013 02:15:00
2,26-May-2013 02:30:00
2,26-May-2013 02:45:00
2,26-May-2013 03:00:00
2,26-May-2013 03:15:00
2,26-May-2013 03:30:00
2,26-May-2013 03:45:00
2,26-May-2013 04:00:00
2,26-May-2013 04:15:00
2,26-May-2013 04:30:00
2,26-May-2013 04:45:00
2,26-May-2013 05:00:00
2,26-May-2013 05:15:00
2,26-May-2013 05:30:00
2,26-May-2013 05:45:00
2,26-May-2013 06:00:00
2,26-May-2013 06:15:00
2,26-May-2013 06:30:00
2,26-May-2013 06:45:00
2,26-May-2013 07:00:00
2,26-May-2013 07:15:00
2,26-May-2013 07:30:00
2,26-May-2013 07:45:00
2,26-May-2013 08:00:00
2,26-May-2013 08:15:00
2,26-May-2013 08:30:00
2,26-May-2013 08:45:00
2,26-May-2013 09:00:00
1,26-May-2013 09:15:00
1,26-May-2013 09:30:00
1,26-May-2013 09:45:00
1,26-May-2013 10:00:00
1,26-May-2013 10:15:00
0,26-May-2013 10:30:00
0,26-May-2013 10:45:00
0,26-May-2013 11:00:00
0,26-May-2013 11:15:00
0,26-May-2013 11:30:00
0,26-May-2013 11:45:00
0,26-May-2013 12:00:00
0,26-May-2013 12:15:00
0,26-May-2013 12:30:00
0,26-May-2013 12:45:00
0,26-May-2013 13:00:00
0,26-May-2013 13:15:00
0,26-May-2013 13:30:00
0,26-May-2013 13:45:00
0,26-May-2013 14:00:00
0,26-May-2013 14:15:00
0,26-May-2013 14:30:00
0,26-May-2013 14:45:00
0,26-May-2013 15:00:00
0,26-May-2013 15:15:00
0,26-May-2013 15:30:00
0,26-May-2013 15:45:00
0,26-May-2013 16:00:00
0,26-May-2013 16:15:00
0,26-May-2013 16:30:00
1,26-May-2013 16:45:00
1,26-May-2013 17:00:00
1,26-May-2013 17:15:00
1,26-May-2013 17:30:00
1,26-May-2013 17:45:00
1,26-May-2013 18:00:00
1,26-May-2013 18:15:00
1,26-May-2013 18:30:00
1,26-May-2013 18:45:00
2,26-May-2013 19:00:00
1,26-May-2013 19:15:00
1,26-May-2013 19:30:00
1,26-May-2013 19:45:00
1,26-May-2013 20:00:00
1,26-May-2013 20:15:00
1,26-May-2013 20:30:00
1,26-May-2013 20:45:00
1,26-May-2013 21:00:00
1,26-May-2013 21:15:00
1,26-May-2013 21:30:00
1,26-May-2013 21:45:00
1,26-May-2013 22:00:00
1,26-May-2013 22:15:00
1,26-May-2013 22:30:00
2,26-May-2013 22:45:00
2,26-May-2013 23:00:00
2,26-May-2013 23:15:00
2,26-May-2013 23:30:00
2,26-May-2013 23:45:00
2,27-May-2013 00:00:00
2,27-May-2013 00:15:00
2,27-May-2013 00:30:00
2,27-May-2013 00:45:00
2,27-May-2013 01:00:00
2,27-May-2013 01:15:00
2,27-May-2013 01:30:00
2,27-May-2013 01:45:00
2,27-May-2013 02:00:00
2,27-May-2013 02:15:00
2,27-May-2013 02:30:00
2,27-May-2013 02:45:00
2,27-May-2013 03:00:00
2,27-May-2013 03:15:00
2,27-May-2013 03:30:00
2,27-May-2013 03:45:00
2,27-May-2013 04:00:00
2,27-May-2013 04:15:00
2,27-May-2013 04:30:00
2,27-May-2013 04:45:00
2,27-May-2013 05:00:00
2,27-May-2013 05:15:00
2,27-May-2013 05:30:00
2,27-May-2013 05:45:00
2,27-May-2013 06:00:00
2,27-May-2013 06:15:00
2,27-May-2013 06:30:00
2,27-May-2013 06:45:00
2,27-May-2013 07:00:00
2,27-May-2013 07:15:00
2,27-May-2013 07:30:00
2,27-May-2013 07:45:00
1,27-May-2013 08:00:00
1,27-May-2013 08:15:00
1,27-May-2013 08:30:00
0,27-May-2013 08:45:00
0,27-May-2013 09:00:00
0,27-May-2013 09:15:00
0,27-May-2013 09:30:00
0,27-May-2013 09:45:00
0,27-May-2013 10:00:00
0,27-May-2013 10:15:00
0,27-May-2013 10:30:00
0,27-May-2013 10:45:00
0,27-May-2013 11:00:00
0,27-May-2013 11:15:00
0,27-May-2013 11:30:00
0,27-May-2013 11:45:00
0,27-May-2013 12:00:00
0,27-May-2013 12:15:00
0,27-May-2013 12:30:00
0,27-May-2013 12:45:00
0,27-May-2013 13:00:00
0,27-May-2013 13:15:00
0,27-May-2013 13:30:00
0,27-May-2013 13:45:00
0,27-May-2013 14:00:00
0,27-May-2013 14:15:00
0,27-May-2013 14:30:00
0,27-May-2013 14:45:00
0,27-May-2013 15:00:00
0,27-May-2013 15:15:00
0,27-May-2013 15:30:00
0,27-May-2013 15:45:00
0,27-May-2013 16:00:00
0,27-May-2013 16:15:00
0,27-May-2013 16:30:00
0,27-May-2013 16:45:00
0,27-May-2013 17:00:00
0,27-May-2013 17:15:00
0,27-May-2013 17:30:00
0,27-May-2013 17:45:00
0,27-May-2013 18:00:00
0,27-May-2013 18:15:00
0,27-May-2013 18:30:00
0,27-May-2013 18:45:00
1,27-May-2013 19:00:00
1,27-May-2013 19:15:00
1,27-May-2013 19:30:00
1,27-May-2013 19:45:00
1,27-May-2013 20:00:00
1,27-May-2013 20:15:00
1,27-May-2013 20:30:00
1,27-May-2013 20:45:00
1,27-May-2013 21:00:00
1,27-May-2013 21:15:00
1,27-May-2013 21:30:00
1,27-May-2013 21:45:00
1,27-May-2013 22:00:00
1,27-May-2013 22:15:00
1,27-May-2013 22:30:00
1,27-May-2013 22:45:00
1,27-May-2013 23:00:00
1,27-May-2013 23:15:00
1,27-May-2013 23:30:00
2,27-May-2013 23:45:00
2,28-May-2013 00:00:00
2,28-May-2013 00:15:00
2,28-May-2013 00:30:00
2,28-May-2013 00:45:00
2,28-May-2013 01:00:00
2,28-May-2013 01:15:00
2,28-May-2013 01:30:00
2,28-May-2013 01:45:00
2,28-May-2013 02:00:00
2,28-May-2013 02:15:00
2,28-May-2013 02:30:00
2,28-May-2013 02:45:00
2,28-May-2013 03:00:00
2,28-May-2013 03:15:00
2,28-May-2013 03:30:00
2,28-May-2013 03:45:00
2,28-May-2013 04:00:00
2,28-May-2013 04:15:00
2,28-May-2013 04:30:00
2,28-May-2013 04:45:00
2,28-May-2013 05:00:00
2,28-May-2013 05:15:00
2,28-May-2013 05:30:00
2,28-May-2013 05:45:00
2,28-May-2013 06:00:00
2,28-May-2013 06:15:00
2,28-May-2013 06:30:00
2,28-May-2013 06:45:00
2,28-May-2013 07:00:00
2,28-May-2013 07:15:00
2,28-May-2013 07:30:00
1,28-May-2013 07:45:00
1,28-May-2013 08:00:00
1,28-May-2013 08:15:00
1,28-May-2013 08:30:00
0,28-May-2013 08:45:00
0,28-May-2013 09:00:00
0,28-May-2013 09:15:00
0,28-May-2013 09:30:00
0,28-May-2013 09:45:00
0,28-May-2013 10:00:00
0,28-May-2013 10:15:00
0,28-May-2013 10:30:00
0,28-May-2013 10:45:00
0,28-May-2013 11:00:00
0,28-May-2013 11:15:00
0,28-May-2013 11:30:00
0,28-May-2013 11:45:00
0,28-May-2013 12:00:00
0,28-May-2013 12:15:00
0,28-May-2013 12:30:00
0,28-May-2013 12:45:00
0,28-May-2013 13:00:00
0,28-May-2013 13:15:00
0,28-May-2013 13:30:00
0,28-May-2013 13:45:00
0,28-May-2013 14:00:00
0,28-May-2013 14:15:00
0,28-May-2013 14:30:00
0,28-May-2013 14:45:00
0,28-May-2013 15:00:00
0,28-May-2013 15:15:00
0,28-May-2013 15:30:00
0,28-May-2013 15:45:00
0,28-May-2013 16:00:00
0,28-May-2013 16:15:00
0,28-May-2013 16:30:00
0,28-May-2013 16:45:00
0,28-May-2013 17:00:00
0,28-May-2013 17:15:00
0,28-May-2013 17:30:00
0,28-May-2013 17:45:00
1,28-May-2013 18:00:00
1,28-May-2013 18:15:00
1,28-May-2013 18:30:00
1,28-May-2013 18:45:00
1,28-May-2013 19:00:00
1,28-May-2013 19:15:00
1,28-May-2013 19:30:00
1,28-May-2013 19:45:00
1,28-May-2013 20:00:00
1,28-May-2013 20:15:00
1,28-May-2013 20:30:00
1,28-May-2013 20:45:00
1,28-May-2013 21:00:00
1,28-May-2013 21:15:00
1,28-May-2013 21:30:00
1,28-May-2013 21:45:00
1,28-May-2013 22:00:00
1,28-May-2013 22:15:00
1,28-May-2013 22:30:00
1,28-May-2013 22:45:00
2,28-May-2013 23:00:00
2,28-May-2013 23:15:00
2,28-May-2013 23:30:00
2,28-May-2013 23:45:00
2,29-May-2013 00:00:00
2,29-May-2013 00:15:00
2,29-May-2013 00:30:00
2,29-May-2013 00:45:00
2,29-May-2013 01:00:00
2,29-May-2013 01:15:00
2,29-May-2013 01:30:00
2,29-May-2013 01:45:00
2,29-May-2013 02:00:00
2,29-May-2013 02:15:00
2,29-May-2013 02:30:00
2,29-May-2013 02:45:00
2,29-May-2013 03:00:00
2,29-May-2013 03:15:00
2,29-May-2013 03:30:00
2,29-May-2013 03:45:00
2,29-May-2013 04:00:00
2,29-May-2013 04:15:00
2,29-May-2013 04:30:00
2,29-May-2013 04:45:00
2,29-May-2013 05:00:00
2,29-May-2013 05:15:00
2,29-May-2013 05:30:00
2,29-May-2013 05:45:00
2,29-May-2013 06:00:00
2,29-May-2013 06:15:00
2,29-May-2013 06:30:00
1,29-May-2013 06:45:00
1,29-May-2013 07:00:00
0,29-May-2013 07:15:00
0,29-May-2013 07:30:00
0,29-May-2013 07:45:00
0,29-May-2013 08:00:00
0,29-May-2013 08:15:00
0,29-May-2013 08:30:00
0,29-May-2013 08:45:00
0,29-May-2013 09:00:00
0,29-May-2013 09:15:00
0,29-May-2013 09:30:00
0,29-May-2013 09:45:00
0,29-May-2013 10:00:00
0,29-May-2013 10:15:00
0,29-May-2013 10:30:00
0,29-May-2013 10:45:00
0,29-May-2013 11:00:00
0,29-May-2013 11:15:00
0,29-May-2013 11:30:00
0,29-May-2013 11:45:00
0,29-May-2013 12:00:00
0,29-May-2013 12:15:00
0,29-May-2013 12:30:00
0,29-May-2013 12:45:00
0,29-May-2013 13:00:00
0,29-May-2013 13:15:00
0,29-May-2013 13:30:00
0,29-May-2013 13:45:00
0,29-May-2013 14:00:00
0,29-May-2013 14:15:00
0,29-May-2013 14:30:00
0,29-May-2013 14:45:00
0,29-May-2013 15:00:00
0,29-May-2013 15:15:00
0,29-May-2013 15:30:00
0,29-May-2013 15:45:00
0,29-May-2013 16:00:00
0,29-May-2013 16:15:00
0,29-May-2013 16:30:00
0,29-May-2013 16:45:00
0,29-May-2013 17:00:00
0,29-May-2013 17:15:00
0,29-May-2013 17:30:00
0,29-May-2013 17:45:00
0,29-May-2013 18:00:00
0,29-May-2013 18:15:00
0,29-May-2013 18:30:00
1,29-May-2013 18:45:00
1,29-May-2013 19:00:00
1,29-May-2013 19:15:00
1,29-May-2013 19:30:00
1,29-May-2013 19:45:00
1,29-May-2013 20:00:00
1,29-May-2013 20:15:00
1,29-May-2013 20:30:00
1,29-May-2013 20:45:00
1,29-May-2013 21:00:00
1,29-May-2013 21:15:00
1,29-May-2013 21:30:00
1,29-May-2013 21:45:00
1,29-May-2013 22:00:00
1,29-May-2013 22:15:00
1,29-May-2013 22:30:00
1,29-May-2013 22:45:00
1,29-May-2013 23:00:00
1,29-May-2013 23:15:00
1,29-May-2013 23:30:00
1,29-May-2013 23:45:00
2,30-May-2013 00:00:00
2,30-May-2013 00:15:00
2,30-May-2013 00:30:00
2,30-May-2013 00:45:00
2,30-May-2013 01:00:00
2,30-May-2013 01:15:00
2,30-May-2013 01:30:00
2,30-May-2013 01:45:00
2,30-May-2013 02:00:00
2,30-May-2013 02:15:00
2,30-May-2013 02:30:00
2,30-May-2013 02:45:00
2,30-May-2013 03:00:00
2,30-May-2013 03:15:00
2,30-May-2013 03:30:00
2,30-May-2013 03:45:00
2,30-May-2013 04:00:00
2,30-May-2013 04:15:00
2,30-May-2013 04:30:00
2,30-May-2013 04:45:00
2,30-May-2013 05:00:00
2,30-May-2013 05:15:00
2,30-May-2013 05:30:00
2,30-May-2013 05:45:00
2,30-May-2013 06:00:00
2,30-May-2013 06:15:00
2,30-May-2013 06:30:00
2,30-May-2013 06:45:00
2,30-May-2013 07:00:00
2,30-May-2013 07:15:00
2,30-May-2013 07:30:00
2,30-May-2013 07:45:00
1,30-May-2013 08:00:00
1,30-May-2013 08:15:00
1,30-May-2013 08:30:00
0,30-May-2013 08:45:00
0,30-May-2013 09:00:00
0,30-May-2013 09:15:00
0,30-May-2013 09:30:00
0,30-May-2013 09:45:00
0,30-May-2013 10:00:00
0,30-May-2013 10:15:00
0,30-May-2013 10:30:00
0,30-May-2013 10:45:00
0,30-May-2013 11:00:00
0,30-May-2013 11:15:00
0,30-May-2013 11:30:00
0,30-May-2013 11:45:00
0,30-May-2013 12:00:00
0,30-May-2013 12:15:00
0,30-May-2013 12:30:00
0,30-May-2013 12:45:00
0,30-May-2013 13:00:00
0,30-May-2013 13:15:00
0,30-May-2013 13:30:00
0,30-May-2013 13:45:00
0,30-May-2013 14:00:00
0,30-May-2013 14:15:00
0,30-May-2013 14:30:00
0,30-May-2013 14:45:00
0,30-May-2013 15:00:00
0,30-May-2013 15:15:00
0,30-May-2013 15:30:00
0,30-May-2013 15:45:00
0,30-May-2013 16:00:00
0,30-May-2013 16:15:00
0,30-May-2013 16:30:00
0,30-May-2013 16:45:00
0,30-May-2013 17:00:00
0,30-May-2013 17:15:00
0,30-May-2013 17:30:00
0,30-May-2013 17:45:00
0,30-May-2013 18:00:00
1,30-May-2013 18:15:00
1,30-May-2013 18:30:00
1,30-May-2013 18:45:00
1,30-May-2013 19:00:00
1,30-May-2013 19:15:00
1,30-May-2013 19:30:00
1,30-May-2013 19:45:00
0,30-May-2013 20:00:00
0,30-May-2013 20:15:00
0,30-May-2013 20:30:00
0,30-May-2013 20:45:00
1,30-May-2013 21:00:00
1,30-May-2013 21:15:00
1,30-May-2013 21:30:00
1,30-May-2013 21:45:00
1,30-May-2013 22:00:00
1,30-May-2013 22:15:00
1,30-May-2013 22:30:00
1,30-May-2013 22:45:00
1,30-May-2013 23:00:00
1,30-May-2013 23:15:00
2,30-May-2013 23:30:00
2,30-May-2013 23:45:00
2,31-May-2013 00:00:00
2,31-May-2013 00:15:00
2,31-May-2013 00:30:00
2,31-May-2013 00:45:00
2,31-May-2013 01:00:00
2,31-May-2013 01:15:00
2,31-May-2013 01:30:00
2,31-May-2013 01:45:00
2,31-May-2013 02:00:00
2,31-May-2013 02:15:00
2,31-May-2013 02:30:00
2,31-May-2013 02:45:00
2,31-May-2013 03:00:00
2,31-May-2013 03:15:00
2,31-May-2013 03:30:00
2,31-May-2013 03:45:00
2,31-May-2013 04:00:00
2,31-May-2013 04:15:00
2,31-May-2013 04:30:00
2,31-May-2013 04:45:00
2,31-May-2013 05:00:00
2,31-May-2013 05:15:00
2,31-May-2013 05:30:00
2,31-May-2013 05:45:00
2,31-May-2013 06:00:00
2,31-May-2013 06:15:00
2,31-May-2013 06:30:00
2,31-May-2013 06:45:00
2,31-May-2013 07:00:00
2,31-May-2013 07:15:00
2,31-May-2013 07:30:00
1,31-May-2013 07:45:00
1,31-May-2013 08:00:00
1,31-May-2013 08:15:00
1,31-May-2013 08:30:00
0,31-May-2013 08:45:00
0,31-May-2013 09:00:00
0,31-May-2013 09:15:00
0,31-May-2013 09:30:00
0,31-May-2013 09:45:00
0,31-May-2013 10:00:00
0,31-May-2013 10:15:00
0,31-May-2013 10:30:00
0,31-May-2013 10:45:00
0,31-May-2013 11:00:00
0,31-May-2013 11:15:00
0,31-May-2013 11:30:00
0,31-May-2013 11:45:00
0,31-May-2013 12:00:00
0,31-May-2013 12:15:00
0,31-May-2013 12:30:00
0,31-May-2013 12:45:00
0,31-May-2013 13:00:00
0,31-May-2013 13:15:00
0,31-May-2013 13:30:00
0,31-May-2013 13:45:00
0,31-May-2013 14:00:00
0,31-May-2013 14:15:00
0,31-May-2013 14:30:00
0,31-May-2013 14:45:00
0,31-May-2013 15:00:00
0,31-May-2013 15:15:00
0,31-May-2013 15:30:00
0,31-May-2013 15:45:00
0,31-May-2013 16:00:00
0,31-May-2013 16:15:00
0,31-May-2013 16:30:00
0,31-May-2013 16:45:00
0,31-May-2013 17:00:00
0,31-May-2013 17:15:00
0,31-May-2013 17:30:00
0,31-May-2013 17:45:00
0,31-May-2013 18:00:00
0,31-May-2013 18:15:00
0,31-May-2013 18:30:00
0,31-May-2013 18:45:00
1,31-May-2013 19:00:00
1,31-May-2013 19:15:00
1,31-May-2013 19:30:00
1,31-May-2013 19:45:00
1,31-May-2013 20:00:00
1,31-May-2013 20:15:00
1,31-May-2013 20:30:00
1,31-May-2013 20:45:00
1,31-May-2013 21:00:00
1,31-May-2013 21:15:00
1,31-May-2013 21:30:00
1,31-May-2013 21:45:00
1,31-May-2013 22:00:00
1,31-May-2013 22:15:00
1,31-May-2013 22:30:00
1,31-May-2013 22:45:00
1,31-May-2013 23:00:00
1,31-May-2013 23:15:00
1,31-May-2013 23:30:00
2,31-May-2013 23:45:00
2,01-Jun-2013 00:00:00
2,01-Jun-2013 00:15:00
2,01-Jun-2013 00:30:00
2,01-Jun-2013 00:45:00
2,01-Jun-2013 01:00:00
2,01-Jun-2013 01:15:00
2,01-Jun-2013 01:30:00
2,01-Jun-2013 01:45:00
2,01-Jun-2013 02:00:00
2,01-Jun-2013 02:15:00
2,01-Jun-2013 02:30:00
2,01-Jun-2013 02:45:00
2,01-Jun-2013 03:00:00
2,01-Jun-2013 03:15:00
2,01-Jun-2013 03:30:00
2,01-Jun-2013 03:45:00
2,01-Jun-2013 04:00:00
2,01-Jun-2013 04:15:00
2,01-Jun-2013 04:30:00
2,01-Jun-2013 04:45:00
2,01-Jun-2013 05:00:00
2,01-Jun-2013 05:15:00
2,01-Jun-2013 05:30:00
2,01-Jun-2013 05:45:00
2,01-Jun-2013 06:00:00
2,01-Jun-2013 06:15:00
2,01-Jun-2013 06:30:00
2,01-Jun-2013 06:45:00
2,01-Jun-2013 07:00:00
2,01-Jun-2013 07:15:00
2,01-Jun-2013 07:30:00
2,01-Jun-2013 07:45:00
2,01-Jun-2013 08:00:00
2,01-Jun-2013 08:15:00
2,01-Jun-2013 08:30:00
2,01-Jun-2013 08:45:00
2,01-Jun-2013 09:00:00
2,01-Jun-2013 09:15:00
2,01-Jun-2013 09:30:00
1,01-Jun-2013 09:45:00
1,01-Jun-2013 10:00:00
1,01-Jun-2013 10:15:00
1,01-Jun-2013 10:30:00
1,01-Jun-2013 10:45:00
1,01-Jun-2013 11:00:00
1,01-Jun-2013 11:15:00
1,01-Jun-2013 11:30:00
1,01-Jun-2013 11:45:00
1,01-Jun-2013 12:00:00
1,01-Jun-2013 12:15:00
1,01-Jun-2013 12:30:00
1,01-Jun-2013 12:45:00
1,01-Jun-2013 13:00:00
0,01-Jun-2013 13:15:00
0,01-Jun-2013 13:30:00
0,01-Jun-2013 13:45:00
0,01-Jun-2013 14:00:00
0,01-Jun-2013 14:15:00
0,01-Jun-2013 14:30:00
0,01-Jun-2013 14:45:00
0,01-Jun-2013 15:00:00
0,01-Jun-2013 15:15:00
0,01-Jun-2013 15:30:00
0,01-Jun-2013 15:45:00
0,01-Jun-2013 16:00:00
0,01-Jun-2013 16:15:00
0,01-Jun-2013 16:30:00
0,01-Jun-2013 16:45:00
1,01-Jun-2013 17:00:00
1,01-Jun-2013 17:15:00
1,01-Jun-2013 17:30:00
1,01-Jun-2013 17:45:00
1,01-Jun-2013 18:00:00
0,01-Jun-2013 18:15:00
0,01-Jun-2013 18:30:00
0,01-Jun-2013 18:45:00
0,01-Jun-2013 19:00:00
0,01-Jun-2013 19:15:00
0,01-Jun-2013 19:30:00
0,01-Jun-2013 19:45:00
0,01-Jun-2013 20:00:00
0,01-Jun-2013 20:15:00
0,01-Jun-2013 20:30:00
0,01-Jun-2013 20:45:00
1,01-Jun-2013 21:00:00
1,01-Jun-2013 21:15:00
1,01-Jun-2013 21:30:00
1,01-Jun-2013 21:45:00
1,01-Jun-2013 22:00:00
1,01-Jun-2013 22:15:00
1,01-Jun-2013 22:30:00
1,01-Jun-2013 22:45:00
1,01-Jun-2013 23:00:00
1,01-Jun-2013 23:15:00
2,01-Jun-2013 23:30:00
2,01-Jun-2013 23:45:00
2,02-Jun-2013 00:00:00
2,02-Jun-2013 00:15:00
2,02-Jun-2013 00:30:00
2,02-Jun-2013 00:45:00
2,02-Jun-2013 01:00:00
2,02-Jun-2013 01:15:00
2,02-Jun-2013 01:30:00
2,02-Jun-2013 01:45:00
2,02-Jun-2013 02:00:00
2,02-Jun-2013 02:15:00
2,02-Jun-2013 02:30:00
2,02-Jun-2013 02:45:00
2,02-Jun-2013 03:00:00
2,02-Jun-2013 03:15:00
2,02-Jun-2013 03:30:00
2,02-Jun-2013 03:45:00
2,02-Jun-2013 04:00:00
2,02-Jun-2013 04:15:00
2,02-Jun-2013 04:30:00
2,02-Jun-2013 04:45:00
2,02-Jun-2013 05:00:00
2,02-Jun-2013 05:15:00
2,02-Jun-2013 05:30:00
2,02-Jun-2013 05:45:00
2,02-Jun-2013 06:00:00
2,02-Jun-2013 06:15:00
2,02-Jun-2013 06:30:00
2,02-Jun-2013 06:45:00
2,02-Jun-2013 07:00:00
2,02-Jun-2013 07:15:00
2,02-Jun-2013 07:30:00
2,02-Jun-2013 07:45:00
1,02-Jun-2013 08:00:00
1,02-Jun-2013 08:15:00
1,02-Jun-2013 08:30:00
0,02-Jun-2013 08:45:00
0,02-Jun-2013 09:00:00
0,02-Jun-2013 09:15:00
0,02-Jun-2013 09:30:00
0,02-Jun-2013 09:45:00
0,02-Jun-2013 10:00:00
0,02-Jun-2013 10:15:00
0,02-Jun-2013 10:30:00
1,02-Jun-2013 10:45:00
1,02-Jun-2013 11:00:00
1,02-Jun-2013 11:15:00
1,02-Jun-2013 11:30:00
1,02-Jun-2013 11:45:00
1,02-Jun-2013 12:00:00
1,02-Jun-2013 12:15:00
1,02-Jun-2013 12:30:00
1,02-Jun-2013 12:45:00
1,02-Jun-2013 13:00:00
1,02-Jun-2013 13:15:00
1,02-Jun-2013 13:30:00
1,02-Jun-2013 13:45:00
1,02-Jun-2013 14:00:00
1,02-Jun-2013 14:15:00
0,02-Jun-2013 14:30:00
0,02-Jun-2013 14:45:00
0,02-Jun-2013 15:00:00
0,02-Jun-2013 15:15:00
0,02-Jun-2013 15:30:00
0,02-Jun-2013 15:45:00
0,02-Jun-2013 16:00:00
0,02-Jun-2013 16:15:00
1,02-Jun-2013 16:30:00
1,02-Jun-2013 16:45:00
1,02-Jun-2013 17:00:00
1,02-Jun-2013 17:15:00
1,02-Jun-2013 17:30:00
1,02-Jun-2013 17:45:00
1,02-Jun-2013 18:00:00
1,02-Jun-2013 18:15:00
1,02-Jun-2013 18:30:00
1,02-Jun-2013 18:45:00
1,02-Jun-2013 19:00:00
1,02-Jun-2013 19:15:00
1,02-Jun-2013 19:30:00
1,02-Jun-2013 19:45:00
1,02-Jun-2013 20:00:00
1,02-Jun-2013 20:15:00
1,02-Jun-2013 20:30:00
1,02-Jun-2013 20:45:00
1,02-Jun-2013 21:00:00
1,02-Jun-2013 21:15:00
1,02-Jun-2013 21:30:00
1,02-Jun-2013 21:45:00
1,02-Jun-2013 22:00:00
1,02-Jun-2013 22:15:00
1,02-Jun-2013 22:30:00
2,02-Jun-2013 22:45:00
2,02-Jun-2013 23:00:00
2,02-Jun-2013 23:15:00
2,02-Jun-2013 23:30:00
2,02-Jun-2013 23:45:00
2,03-Jun-2013 00:00:00
2,03-Jun-2013 00:15:00
2,03-Jun-2013 00:30:00
2,03-Jun-2013 00:45:00
2,03-Jun-2013 01:00:00
2,03-Jun-2013 01:15:00
2,03-Jun-2013 01:30:00
2,03-Jun-2013 01:45:00
2,03-Jun-2013 02:00:00
2,03-Jun-2013 02:15:00
2,03-Jun-2013 02:30:00
2,03-Jun-2013 02:45:00
2,03-Jun-2013 03:00:00
2,03-Jun-2013 03:15:00
2,03-Jun-2013 03:30:00
2,03-Jun-2013 03:45:00
2,03-Jun-2013 04:00:00
2,03-Jun-2013 04:15:00
2,03-Jun-2013 04:30:00
2,03-Jun-2013 04:45:00
2,03-Jun-2013 05:00:00
2,03-Jun-2013 05:15:00
2,03-Jun-2013 05:30:00
2,03-Jun-2013 05:45:00
2,03-Jun-2013 06:00:00
2,03-Jun-2013 06:15:00
2,03-Jun-2013 06:30:00
2,03-Jun-2013 06:45:00
2,03-Jun-2013 07:00:00
2,03-Jun-2013 07:15:00
2,03-Jun-2013 07:30:00
1,03-Jun-2013 07:45:00
1,03-Jun-2013 08:00:00
1,03-Jun-2013 08:15:00
1,03-Jun-2013 08:30:00
1,03-Jun-2013 08:45:00
0,03-Jun-2013 09:00:00
0,03-Jun-2013 09:15:00
0,03-Jun-2013 09:30:00
0,03-Jun-2013 09:45:00
0,03-Jun-2013 10:00:00
0,03-Jun-2013 10:15:00
0,03-Jun-2013 10:30:00
0,03-Jun-2013 10:45:00
0,03-Jun-2013 11:00:00
0,03-Jun-2013 11:15:00
0,03-Jun-2013 11:30:00
0,03-Jun-2013 11:45:00
0,03-Jun-2013 12:00:00
0,03-Jun-2013 12:15:00
0,03-Jun-2013 12:30:00
0,03-Jun-2013 12:45:00
0,03-Jun-2013 13:00:00
0,03-Jun-2013 13:15:00
0,03-Jun-2013 13:30:00
0,03-Jun-2013 13:45:00
0,03-Jun-2013 14:00:00
0,03-Jun-2013 14:15:00
0,03-Jun-2013 14:30:00
0,03-Jun-2013 14:45:00
0,03-Jun-2013 15:00:00
0,03-Jun-2013 15:15:00
0,03-Jun-2013 15:30:00
0,03-Jun-2013 15:45:00
0,03-Jun-2013 16:00:00
0,03-Jun-2013 16:15:00
0,03-Jun-2013 16:30:00
0,03-Jun-2013 16:45:00
0,03-Jun-2013 17:00:00
0,03-Jun-2013 17:15:00
0,03-Jun-2013 17:30:00
0,03-Jun-2013 17:45:00
0,03-Jun-2013 18:00:00
1,03-Jun-2013 18:15:00
1,03-Jun-2013 18:30:00
0,03-Jun-2013 18:45:00
0,03-Jun-2013 19:00:00
1,03-Jun-2013 19:15:00
1,03-Jun-2013 19:30:00
1,03-Jun-2013 19:45:00
1,03-Jun-2013 20:00:00
1,03-Jun-2013 20:15:00
1,03-Jun-2013 20:30:00
1,03-Jun-2013 20:45:00
1,03-Jun-2013 21:00:00
1,03-Jun-2013 21:15:00
1,03-Jun-2013 21:30:00
1,03-Jun-2013 21:45:00
1,03-Jun-2013 22:00:00
1,03-Jun-2013 22:15:00
1,03-Jun-2013 22:30:00
1,03-Jun-2013 22:45:00
2,03-Jun-2013 23:00:00
2,03-Jun-2013 23:15:00
2,03-Jun-2013 23:30:00
2,03-Jun-2013 23:45:00
2,04-Jun-2013 00:00:00
2,04-Jun-2013 00:15:00
2,04-Jun-2013 00:30:00
2,04-Jun-2013 00:45:00
2,04-Jun-2013 01:00:00
2,04-Jun-2013 01:15:00
2,04-Jun-2013 01:30:00
2,04-Jun-2013 01:45:00
2,04-Jun-2013 02:00:00
2,04-Jun-2013 02:15:00
2,04-Jun-2013 02:30:00
2,04-Jun-2013 02:45:00
2,04-Jun-2013 03:00:00
2,04-Jun-2013 03:15:00
2,04-Jun-2013 03:30:00
2,04-Jun-2013 03:45:00
2,04-Jun-2013 04:00:00
2,04-Jun-2013 04:15:00
2,04-Jun-2013 04:30:00
2,04-Jun-2013 04:45:00
2,04-Jun-2013 05:00:00
2,04-Jun-2013 05:15:00
2,04-Jun-2013 05:30:00
2,04-Jun-2013 05:45:00
2,04-Jun-2013 06:00:00
2,04-Jun-2013 06:15:00
2,04-Jun-2013 06:30:00
2,04-Jun-2013 06:45:00
2,04-Jun-2013 07:00:00
2,04-Jun-2013 07:15:00
1,04-Jun-2013 07:30:00
1,04-Jun-2013 07:45:00
1,04-Jun-2013 08:00:00
1,04-Jun-2013 08:15:00
0,04-Jun-2013 08:30:00
0,04-Jun-2013 08:45:00
0,04-Jun-2013 09:00:00
0,04-Jun-2013 09:15:00
0,04-Jun-2013 09:30:00
0,04-Jun-2013 09:45:00
0,04-Jun-2013 10:00:00
0,04-Jun-2013 10:15:00
0,04-Jun-2013 10:30:00
0,04-Jun-2013 10:45:00
0,04-Jun-2013 11:00:00
0,04-Jun-2013 11:15:00
0,04-Jun-2013 11:30:00
0,04-Jun-2013 11:45:00
0,04-Jun-2013 12:00:00
1,04-Jun-2013 12:15:00
1,04-Jun-2013 12:30:00
1,04-Jun-2013 12:45:00
1,04-Jun-2013 13:00:00
0,04-Jun-2013 13:15:00
0,04-Jun-2013 13:30:00
0,04-Jun-2013 13:45:00
0,04-Jun-2013 14:00:00
0,04-Jun-2013 14:15:00
0,04-Jun-2013 14:30:00
0,04-Jun-2013 14:45:00
0,04-Jun-2013 15:00:00
0,04-Jun-2013 15:15:00
0,04-Jun-2013 15:30:00
0,04-Jun-2013 15:45:00
0,04-Jun-2013 16:00:00
0,04-Jun-2013 16:15:00
0,04-Jun-2013 16:30:00
0,04-Jun-2013 16:45:00
0,04-Jun-2013 17:00:00
0,04-Jun-2013 17:15:00
0,04-Jun-2013 17:30:00
0,04-Jun-2013 17:45:00
0,04-Jun-2013 18:00:00
0,04-Jun-2013 18:15:00
0,04-Jun-2013 18:30:00
0,04-Jun-2013 18:45:00
0,04-Jun-2013 19:00:00
0,04-Jun-2013 19:15:00
0,04-Jun-2013 19:30:00
0,04-Jun-2013 19:45:00
1,04-Jun-2013 20:00:00
1,04-Jun-2013 20:15:00
1,04-Jun-2013 20:30:00
1,04-Jun-2013 20:45:00
1,04-Jun-2013 21:00:00
1,04-Jun-2013 21:15:00
1,04-Jun-2013 21:30:00
1,04-Jun-2013 21:45:00
1,04-Jun-2013 22:00:00
1,04-Jun-2013 22:15:00
1,04-Jun-2013 22:30:00
1,04-Jun-2013 22:45:00
1,04-Jun-2013 23:00:00
1,04-Jun-2013 23:15:00
1,04-Jun-2013 23:30:00
2,04-Jun-2013 23:45:00
2,05-Jun-2013 00:00:00
2,05-Jun-2013 00:15:00
2,05-Jun-2013 00:30:00
2,05-Jun-2013 00:45:00
2,05-Jun-2013 01:00:00
2,05-Jun-2013 01:15:00
2,05-Jun-2013 01:30:00
2,05-Jun-2013 01:45:00
2,05-Jun-2013 02:00:00
2,05-Jun-2013 02:15:00
2,05-Jun-2013 02:30:00
2,05-Jun-2013 02:45:00
2,05-Jun-2013 03:00:00
2,05-Jun-2013 03:15:00
2,05-Jun-2013 03:30:00
2,05-Jun-2013 03:45:00
2,05-Jun-2013 04:00:00
2,05-Jun-2013 04:15:00
2,05-Jun-2013 04:30:00
2,05-Jun-2013 04:45:00
2,05-Jun-2013 05:00:00
2,05-Jun-2013 05:15:00
2,05-Jun-2013 05:30:00
2,05-Jun-2013 05:45:00
2,05-Jun-2013 06:00:00
2,05-Jun-2013 06:15:00
1,05-Jun-2013 06:30:00
1,05-Jun-2013 06:45:00
0,05-Jun-2013 07:00:00
0,05-Jun-2013 07:15:00
0,05-Jun-2013 07:30:00
0,05-Jun-2013 07:45:00
0,05-Jun-2013 08:00:00
0,05-Jun-2013 08:15:00
0,05-Jun-2013 08:30:00
0,05-Jun-2013 08:45:00
0,05-Jun-2013 09:00:00
0,05-Jun-2013 09:15:00
0,05-Jun-2013 09:30:00
0,05-Jun-2013 09:45:00
0,05-Jun-2013 10:00:00
0,05-Jun-2013 10:15:00
0,05-Jun-2013 10:30:00
0,05-Jun-2013 10:45:00
0,05-Jun-2013 11:00:00
0,05-Jun-2013 11:15:00
0,05-Jun-2013 11:30:00
0,05-Jun-2013 11:45:00
0,05-Jun-2013 12:00:00
0,05-Jun-2013 12:15:00
0,05-Jun-2013 12:30:00
0,05-Jun-2013 12:45:00
0,05-Jun-2013 13:00:00
0,05-Jun-2013 13:15:00
0,05-Jun-2013 13:30:00
0,05-Jun-2013 13:45:00
0,05-Jun-2013 14:00:00
0,05-Jun-2013 14:15:00
0,05-Jun-2013 14:30:00
0,05-Jun-2013 14:45:00
0,05-Jun-2013 15:00:00
0,05-Jun-2013 15:15:00
0,05-Jun-2013 15:30:00
0,05-Jun-2013 15:45:00
0,05-Jun-2013 16:00:00
0,05-Jun-2013 16:15:00
0,05-Jun-2013 16:30:00
0,05-Jun-2013 16:45:00
0,05-Jun-2013 17:00:00
1,05-Jun-2013 17:15:00
1,05-Jun-2013 17:30:00
1,05-Jun-2013 17:45:00
1,05-Jun-2013 18:00:00
1,05-Jun-2013 18:15:00
1,05-Jun-2013 18:30:00
1,05-Jun-2013 18:45:00
1,05-Jun-2013 19:00:00
1,05-Jun-2013 19:15:00
1,05-Jun-2013 19:30:00
1,05-Jun-2013 19:45:00
1,05-Jun-2013 20:00:00
1,05-Jun-2013 20:15:00
1,05-Jun-2013 20:30:00
1,05-Jun-2013 20:45:00
1,05-Jun-2013 21:00:00
1,05-Jun-2013 21:15:00
1,05-Jun-2013 21:30:00
1,05-Jun-2013 21:45:00
1,05-Jun-2013 22:00:00
1,05-Jun-2013 22:15:00
1,05-Jun-2013 22:30:00
1,05-Jun-2013 22:45:00
1,05-Jun-2013 23:00:00
1,05-Jun-2013 23:15:00
1,05-Jun-2013 23:30:00
1,05-Jun-2013 23:45:00
1,06-Jun-2013 00:00:00
1,06-Jun-2013 00:15:00
1,06-Jun-2013 00:30:00
2,06-Jun-2013 00:45:00
2,06-Jun-2013 01:00:00
2,06-Jun-2013 01:15:00
2,06-Jun-2013 01:30:00
2,06-Jun-2013 01:45:00
2,06-Jun-2013 02:00:00
2,06-Jun-2013 02:15:00
2,06-Jun-2013 02:30:00
2,06-Jun-2013 02:45:00
2,06-Jun-2013 03:00:00
2,06-Jun-2013 03:15:00
2,06-Jun-2013 03:30:00
2,06-Jun-2013 03:45:00
2,06-Jun-2013 04:00:00
2,06-Jun-2013 04:15:00
2,06-Jun-2013 04:30:00
2,06-Jun-2013 04:45:00
2,06-Jun-2013 05:00:00
2,06-Jun-2013 05:15:00
2,06-Jun-2013 05:30:00
2,06-Jun-2013 05:45:00
2,06-Jun-2013 06:00:00
2,06-Jun-2013 06:15:00
2,06-Jun-2013 06:30:00
2,06-Jun-2013 06:45:00
2,06-Jun-2013 07:00:00
2,06-Jun-2013 07:15:00
2,06-Jun-2013 07:30:00
2,06-Jun-2013 07:45:00
1,06-Jun-2013 08:00:00
1,06-Jun-2013 08:15:00
1,06-Jun-2013 08:30:00
1,06-Jun-2013 08:45:00
0,06-Jun-2013 09:00:00
0,06-Jun-2013 09:15:00
0,06-Jun-2013 09:30:00
0,06-Jun-2013 09:45:00
0,06-Jun-2013 10:00:00
0,06-Jun-2013 10:15:00
0,06-Jun-2013 10:30:00
0,06-Jun-2013 10:45:00
0,06-Jun-2013 11:00:00
0,06-Jun-2013 11:15:00
0,06-Jun-2013 11:30:00
0,06-Jun-2013 11:45:00
0,06-Jun-2013 12:00:00
0,06-Jun-2013 12:15:00
0,06-Jun-2013 12:30:00
0,06-Jun-2013 12:45:00
0,06-Jun-2013 13:00:00
0,06-Jun-2013 13:15:00
0,06-Jun-2013 13:30:00
0,06-Jun-2013 13:45:00
0,06-Jun-2013 14:00:00
0,06-Jun-2013 14:15:00
0,06-Jun-2013 14:30:00
0,06-Jun-2013 14:45:00
0,06-Jun-2013 15:00:00
0,06-Jun-2013 15:15:00
0,06-Jun-2013 15:30:00
0,06-Jun-2013 15:45:00
0,06-Jun-2013 16:00:00
0,06-Jun-2013 16:15:00
0,06-Jun-2013 16:30:00
0,06-Jun-2013 16:45:00
0,06-Jun-2013 17:00:00
0,06-Jun-2013 17:15:00
0,06-Jun-2013 17:30:00
0,06-Jun-2013 17:45:00
0,06-Jun-2013 18:00:00
1,06-Jun-2013 18:15:00
1,06-Jun-2013 18:30:00
0,06-Jun-2013 18:45:00
0,06-Jun-2013 19:00:00
0,06-Jun-2013 19:15:00
0,06-Jun-2013 19:30:00
0,06-Jun-2013 19:45:00
0,06-Jun-2013 20:00:00
0,06-Jun-2013 20:15:00
0,06-Jun-2013 20:30:00
1,06-Jun-2013 20:45:00
1,06-Jun-2013 21:00:00
1,06-Jun-2013 21:15:00
1,06-Jun-2013 21:30:00
1,06-Jun-2013 21:45:00
1,06-Jun-2013 22:00:00
1,06-Jun-2013 22:15:00
1,06-Jun-2013 22:30:00
1,06-Jun-2013 22:45:00
1,06-Jun-2013 23:00:00
1,06-Jun-2013 23:15:00
1,06-Jun-2013 23:30:00
1,06-Jun-2013 23:45:00
1,07-Jun-2013 00:00:00
1,07-Jun-2013 00:15:00
2,07-Jun-2013 00:30:00
2,07-Jun-2013 00:45:00
2,07-Jun-2013 01:00:00
2,07-Jun-2013 01:15:00
2,07-Jun-2013 01:30:00
2,07-Jun-2013 01:45:00
2,07-Jun-2013 02:00:00
2,07-Jun-2013 02:15:00
2,07-Jun-2013 02:30:00
2,07-Jun-2013 02:45:00
2,07-Jun-2013 03:00:00
2,07-Jun-2013 03:15:00
2,07-Jun-2013 03:30:00
2,07-Jun-2013 03:45:00
2,07-Jun-2013 04:00:00
2,07-Jun-2013 04:15:00
2,07-Jun-2013 04:30:00
2,07-Jun-2013 04:45:00
2,07-Jun-2013 05:00:00
2,07-Jun-2013 05:15:00
2,07-Jun-2013 05:30:00
2,07-Jun-2013 05:45:00
2,07-Jun-2013 06:00:00
2,07-Jun-2013 06:15:00
2,07-Jun-2013 06:30:00
2,07-Jun-2013 06:45:00
2,07-Jun-2013 07:00:00
2,07-Jun-2013 07:15:00
2,07-Jun-2013 07:30:00
2,07-Jun-2013 07:45:00
2,07-Jun-2013 08:00:00
2,07-Jun-2013 08:15:00
2,07-Jun-2013 08:30:00
1,07-Jun-2013 08:45:00
1,07-Jun-2013 09:00:00
0,07-Jun-2013 09:15:00
0,07-Jun-2013 09:30:00
0,07-Jun-2013 09:45:00
0,07-Jun-2013 10:00:00
0,07-Jun-2013 10:15:00
0,07-Jun-2013 10:30:00
0,07-Jun-2013 10:45:00
0,07-Jun-2013 11:00:00
0,07-Jun-2013 11:15:00
0,07-Jun-2013 11:30:00
0,07-Jun-2013 11:45:00
0,07-Jun-2013 12:00:00
0,07-Jun-2013 12:15:00
0,07-Jun-2013 12:30:00
0,07-Jun-2013 12:45:00
0,07-Jun-2013 13:00:00
0,07-Jun-2013 13:15:00
0,07-Jun-2013 13:30:00
0,07-Jun-2013 13:45:00
0,07-Jun-2013 14:00:00
0,07-Jun-2013 14:15:00
0,07-Jun-2013 14:30:00
0,07-Jun-2013 14:45:00
0,07-Jun-2013 15:00:00
0,07-Jun-2013 15:15:00
0,07-Jun-2013 15:30:00
0,07-Jun-2013 15:45:00
0,07-Jun-2013 16:00:00
0,07-Jun-2013 16:15:00
0,07-Jun-2013 16:30:00
0,07-Jun-2013 16:45:00
0,07-Jun-2013 17:00:00
0,07-Jun-2013 17:15:00
0,07-Jun-2013 17:30:00
0,07-Jun-2013 17:45:00
0,07-Jun-2013 18:00:00
0,07-Jun-2013 18:15:00
0,07-Jun-2013 18:30:00
0,07-Jun-2013 18:45:00
1,07-Jun-2013 19:00:00
1,07-Jun-2013 19:15:00
1,07-Jun-2013 19:30:00
1,07-Jun-2013 19:45:00
1,07-Jun-2013 20:00:00
1,07-Jun-2013 20:15:00
1,07-Jun-2013 20:30:00
1,07-Jun-2013 20:45:00
0,07-Jun-2013 21:00:00
0,07-Jun-2013 21:15:00
0,07-Jun-2013 21:30:00
0,07-Jun-2013 21:45:00
0,07-Jun-2013 22:00:00
0,07-Jun-2013 22:15:00
0,07-Jun-2013 22:30:00
0,07-Jun-2013 22:45:00
1,07-Jun-2013 23:00:00
1,07-Jun-2013 23:15:00
1,07-Jun-2013 23:30:00
1,07-Jun-2013 23:45:00
2,08-Jun-2013 00:00:00
2,08-Jun-2013 00:15:00
2,08-Jun-2013 00:30:00
2,08-Jun-2013 00:45:00
2,08-Jun-2013 01:00:00
2,08-Jun-2013 01:15:00
2,08-Jun-2013 01:30:00
2,08-Jun-2013 01:45:00
2,08-Jun-2013 02:00:00
2,08-Jun-2013 02:15:00
2,08-Jun-2013 02:30:00
2,08-Jun-2013 02:45:00
2,08-Jun-2013 03:00:00
2,08-Jun-2013 03:15:00
2,08-Jun-2013 03:30:00
2,08-Jun-2013 03:45:00
2,08-Jun-2013 04:00:00
2,08-Jun-2013 04:15:00
2,08-Jun-2013 04:30:00
2,08-Jun-2013 04:45:00
2,08-Jun-2013 05:00:00
2,08-Jun-2013 05:15:00
2,08-Jun-2013 05:30:00
2,08-Jun-2013 05:45:00
2,08-Jun-2013 06:00:00
2,08-Jun-2013 06:15:00
2,08-Jun-2013 06:30:00
2,08-Jun-2013 06:45:00
2,08-Jun-2013 07:00:00
2,08-Jun-2013 07:15:00
2,08-Jun-2013 07:30:00
2,08-Jun-2013 07:45:00
2,08-Jun-2013 08:00:00
2,08-Jun-2013 08:15:00
2,08-Jun-2013 08:30:00
2,08-Jun-2013 08:45:00
2,08-Jun-2013 09:00:00
1,08-Jun-2013 09:15:00
1,08-Jun-2013 09:30:00
1,08-Jun-2013 09:45:00
1,08-Jun-2013 10:00:00
1,08-Jun-2013 10:15:00
1,08-Jun-2013 10:30:00
1,08-Jun-2013 10:45:00
1,08-Jun-2013 11:00:00
1,08-Jun-2013 11:15:00
1,08-Jun-2013 11:30:00
1,08-Jun-2013 11:45:00
1,08-Jun-2013 12:00:00
1,08-Jun-2013 12:15:00
1,08-Jun-2013 12:30:00
1,08-Jun-2013 12:45:00
1,08-Jun-2013 13:00:00
1,08-Jun-2013 13:15:00
1,08-Jun-2013 13:30:00
1,08-Jun-2013 13:45:00
1,08-Jun-2013 14:00:00
1,08-Jun-2013 14:15:00
0,08-Jun-2013 14:30:00
0,08-Jun-2013 14:45:00
0,08-Jun-2013 15:00:00
0,08-Jun-2013 15:15:00
0,08-Jun-2013 15:30:00
0,08-Jun-2013 15:45:00
0,08-Jun-2013 16:00:00
0,08-Jun-2013 16:15:00
0,08-Jun-2013 16:30:00
0,08-Jun-2013 16:45:00
0,08-Jun-2013 17:00:00
0,08-Jun-2013 17:15:00
1,08-Jun-2013 17:30:00
1,08-Jun-2013 17:45:00
1,08-Jun-2013 18:00:00
1,08-Jun-2013 18:15:00
1,08-Jun-2013 18:30:00
0,08-Jun-2013 18:45:00
0,08-Jun-2013 19:00:00
0,08-Jun-2013 19:15:00
0,08-Jun-2013 19:30:00
0,08-Jun-2013 19:45:00
0,08-Jun-2013 20:00:00
0,08-Jun-2013 20:15:00
0,08-Jun-2013 20:30:00
0,08-Jun-2013 20:45:00
0,08-Jun-2013 21:00:00
0,08-Jun-2013 21:15:00
0,08-Jun-2013 21:30:00
0,08-Jun-2013 21:45:00
0,08-Jun-2013 22:00:00
0,08-Jun-2013 22:15:00
0,08-Jun-2013 22:30:00
0,08-Jun-2013 22:45:00
0,08-Jun-2013 23:00:00
1,08-Jun-2013 23:15:00
1,08-Jun-2013 23:30:00
1,08-Jun-2013 23:45:00
1,09-Jun-2013 00:00:00
1,09-Jun-2013 00:15:00
1,09-Jun-2013 00:30:00
2,09-Jun-2013 00:45:00
2,09-Jun-2013 01:00:00
2,09-Jun-2013 01:15:00
2,09-Jun-2013 01:30:00
2,09-Jun-2013 01:45:00
2,09-Jun-2013 02:00:00
2,09-Jun-2013 02:15:00
2,09-Jun-2013 02:30:00
2,09-Jun-2013 02:45:00
2,09-Jun-2013 03:00:00
2,09-Jun-2013 03:15:00
2,09-Jun-2013 03:30:00
2,09-Jun-2013 03:45:00
2,09-Jun-2013 04:00:00
2,09-Jun-2013 04:15:00
2,09-Jun-2013 04:30:00
2,09-Jun-2013 04:45:00
2,09-Jun-2013 05:00:00
2,09-Jun-2013 05:15:00
2,09-Jun-2013 05:30:00
2,09-Jun-2013 05:45:00
2,09-Jun-2013 06:00:00
2,09-Jun-2013 06:15:00
2,09-Jun-2013 06:30:00
2,09-Jun-2013 06:45:00
2,09-Jun-2013 07:00:00
2,09-Jun-2013 07:15:00
2,09-Jun-2013 07:30:00
2,09-Jun-2013 07:45:00
2,09-Jun-2013 08:00:00
2,09-Jun-2013 08:15:00
2,09-Jun-2013 08:30:00
2,09-Jun-2013 08:45:00
2,09-Jun-2013 09:00:00
2,09-Jun-2013 09:15:00
2,09-Jun-2013 09:30:00
2,09-Jun-2013 09:45:00
2,09-Jun-2013 10:00:00
2,09-Jun-2013 10:15:00
2,09-Jun-2013 10:30:00
1,09-Jun-2013 10:45:00
1,09-Jun-2013 11:00:00
1,09-Jun-2013 11:15:00
1,09-Jun-2013 11:30:00
1,09-Jun-2013 11:45:00
1,09-Jun-2013 12:00:00
1,09-Jun-2013 12:15:00
1,09-Jun-2013 12:30:00
1,09-Jun-2013 12:45:00
1,09-Jun-2013 13:00:00
1,09-Jun-2013 13:15:00
1,09-Jun-2013 13:30:00
1,09-Jun-2013 13:45:00
0,09-Jun-2013 14:00:00
0,09-Jun-2013 14:15:00
0,09-Jun-2013 14:30:00
0,09-Jun-2013 14:45:00
0,09-Jun-2013 15:00:00
0,09-Jun-2013 15:15:00
0,09-Jun-2013 15:30:00
0,09-Jun-2013 15:45:00
0,09-Jun-2013 16:00:00
0,09-Jun-2013 16:15:00
0,09-Jun-2013 16:30:00
0,09-Jun-2013 16:45:00
0,09-Jun-2013 17:00:00
1,09-Jun-2013 17:15:00
1,09-Jun-2013 17:30:00
1,09-Jun-2013 17:45:00
1,09-Jun-2013 18:00:00
1,09-Jun-2013 18:15:00
1,09-Jun-2013 18:30:00
1,09-Jun-2013 18:45:00
0,09-Jun-2013 19:00:00
0,09-Jun-2013 19:15:00
0,09-Jun-2013 19:30:00
0,09-Jun-2013 19:45:00
0,09-Jun-2013 20:00:00
0,09-Jun-2013 20:15:00
0,09-Jun-2013 20:30:00
0,09-Jun-2013 20:45:00
0,09-Jun-2013 21:00:00
0,09-Jun-2013 21:15:00
0,09-Jun-2013 21:30:00
0,09-Jun-2013 21:45:00
1,09-Jun-2013 22:00:00
1,09-Jun-2013 22:15:00
1,09-Jun-2013 22:30:00
1,09-Jun-2013 22:45:00
1,09-Jun-2013 23:00:00
1,09-Jun-2013 23:15:00
1,09-Jun-2013 23:30:00
1,09-Jun-2013 23:45:00
2,10-Jun-2013 00:00:00
2,10-Jun-2013 00:15:00
2,10-Jun-2013 00:30:00
2,10-Jun-2013 00:45:00
2,10-Jun-2013 01:00:00
2,10-Jun-2013 01:15:00
2,10-Jun-2013 01:30:00
2,10-Jun-2013 01:45:00
2,10-Jun-2013 02:00:00
2,10-Jun-2013 02:15:00
2,10-Jun-2013 02:30:00
2,10-Jun-2013 02:45:00
2,10-Jun-2013 03:00:00
2,10-Jun-2013 03:15:00
2,10-Jun-2013 03:30:00
2,10-Jun-2013 03:45:00
2,10-Jun-2013 04:00:00
2,10-Jun-2013 04:15:00
2,10-Jun-2013 04:30:00
2,10-Jun-2013 04:45:00
2,10-Jun-2013 05:00:00
2,10-Jun-2013 05:15:00
2,10-Jun-2013 05:30:00
2,10-Jun-2013 05:45:00
2,10-Jun-2013 06:00:00
2,10-Jun-2013 06:15:00
2,10-Jun-2013 06:30:00
2,10-Jun-2013 06:45:00
2,10-Jun-2013 07:00:00
2,10-Jun-2013 07:15:00
2,10-Jun-2013 07:30:00
2,10-Jun-2013 07:45:00
1,10-Jun-2013 08:00:00
1,10-Jun-2013 08:15:00
1,10-Jun-2013 08:30:00
0,10-Jun-2013 08:45:00
0,10-Jun-2013 09:00:00
0,10-Jun-2013 09:15:00
0,10-Jun-2013 09:30:00
0,10-Jun-2013 09:45:00
0,10-Jun-2013 10:00:00
0,10-Jun-2013 10:15:00
0,10-Jun-2013 10:30:00
0,10-Jun-2013 10:45:00
0,10-Jun-2013 11:00:00
0,10-Jun-2013 11:15:00
0,10-Jun-2013 11:30:00
0,10-Jun-2013 11:45:00
0,10-Jun-2013 12:00:00
0,10-Jun-2013 12:15:00
0,10-Jun-2013 12:30:00
0,10-Jun-2013 12:45:00
0,10-Jun-2013 13:00:00
0,10-Jun-2013 13:15:00
0,10-Jun-2013 13:30:00
0,10-Jun-2013 13:45:00
0,10-Jun-2013 14:00:00
0,10-Jun-2013 14:15:00
0,10-Jun-2013 14:30:00
0,10-Jun-2013 14:45:00
0,10-Jun-2013 15:00:00
0,10-Jun-2013 15:15:00
0,10-Jun-2013 15:30:00
0,10-Jun-2013 15:45:00
0,10-Jun-2013 16:00:00
0,10-Jun-2013 16:15:00
0,10-Jun-2013 16:30:00
0,10-Jun-2013 16:45:00
0,10-Jun-2013 17:00:00
0,10-Jun-2013 17:15:00
0,10-Jun-2013 17:30:00
0,10-Jun-2013 17:45:00
0,10-Jun-2013 18:00:00
0,10-Jun-2013 18:15:00
0,10-Jun-2013 18:30:00
0,10-Jun-2013 18:45:00
1,10-Jun-2013 19:00:00
1,10-Jun-2013 19:15:00
1,10-Jun-2013 19:30:00
1,10-Jun-2013 19:45:00
1,10-Jun-2013 20:00:00
1,10-Jun-2013 20:15:00
1,10-Jun-2013 20:30:00
1,10-Jun-2013 20:45:00
1,10-Jun-2013 21:00:00
1,10-Jun-2013 21:15:00
1,10-Jun-2013 21:30:00
1,10-Jun-2013 21:45:00
1,10-Jun-2013 22:00:00
1,10-Jun-2013 22:15:00
1,10-Jun-2013 22:30:00
1,10-Jun-2013 22:45:00
1,10-Jun-2013 23:00:00
1,10-Jun-2013 23:15:00
2,10-Jun-2013 23:30:00
2,10-Jun-2013 23:45:00
2,11-Jun-2013 00:00:00
2,11-Jun-2013 00:15:00
2,11-Jun-2013 00:30:00
2,11-Jun-2013 00:45:00
2,11-Jun-2013 01:00:00
2,11-Jun-2013 01:15:00
2,11-Jun-2013 01:30:00
2,11-Jun-2013 01:45:00
2,11-Jun-2013 02:00:00
2,11-Jun-2013 02:15:00
2,11-Jun-2013 02:30:00
2,11-Jun-2013 02:45:00
2,11-Jun-2013 03:00:00
2,11-Jun-2013 03:15:00
2,11-Jun-2013 03:30:00
2,11-Jun-2013 03:45:00
2,11-Jun-2013 04:00:00
2,11-Jun-2013 04:15:00
2,11-Jun-2013 04:30:00
2,11-Jun-2013 04:45:00
2,11-Jun-2013 05:00:00
2,11-Jun-2013 05:15:00
2,11-Jun-2013 05:30:00
2,11-Jun-2013 05:45:00
2,11-Jun-2013 06:00:00
2,11-Jun-2013 06:15:00
2,11-Jun-2013 06:30:00
2,11-Jun-2013 06:45:00
2,11-Jun-2013 07:00:00
2,11-Jun-2013 07:15:00
2,11-Jun-2013 07:30:00
2,11-Jun-2013 07:45:00
2,11-Jun-2013 08:00:00
2,11-Jun-2013 08:15:00
1,11-Jun-2013 08:30:00
1,11-Jun-2013 08:45:00
1,11-Jun-2013 09:00:00
0,11-Jun-2013 09:15:00
0,11-Jun-2013 09:30:00
0,11-Jun-2013 09:45:00
0,11-Jun-2013 10:00:00
0,11-Jun-2013 10:15:00
0,11-Jun-2013 10:30:00
0,11-Jun-2013 10:45:00
0,11-Jun-2013 11:00:00
0,11-Jun-2013 11:15:00
0,11-Jun-2013 11:30:00
0,11-Jun-2013 11:45:00
0,11-Jun-2013 12:00:00
0,11-Jun-2013 12:15:00
0,11-Jun-2013 12:30:00
0,11-Jun-2013 12:45:00
0,11-Jun-2013 13:00:00
0,11-Jun-2013 13:15:00
0,11-Jun-2013 13:30:00
0,11-Jun-2013 13:45:00
0,11-Jun-2013 14:00:00
0,11-Jun-2013 14:15:00
0,11-Jun-2013 14:30:00
0,11-Jun-2013 14:45:00
0,11-Jun-2013 15:00:00
0,11-Jun-2013 15:15:00
0,11-Jun-2013 15:30:00
0,11-Jun-2013 15:45:00
0,11-Jun-2013 16:00:00
0,11-Jun-2013 16:15:00
0,11-Jun-2013 16:30:00
0,11-Jun-2013 16:45:00
0,11-Jun-2013 17:00:00
0,11-Jun-2013 17:15:00
0,11-Jun-2013 17:30:00
0,11-Jun-2013 17:45:00
0,11-Jun-2013 18:00:00
0,11-Jun-2013 18:15:00
1,11-Jun-2013 18:30:00
1,11-Jun-2013 18:45:00
1,11-Jun-2013 19:00:00
1,11-Jun-2013 19:15:00
1,11-Jun-2013 19:30:00
1,11-Jun-2013 19:45:00
1,11-Jun-2013 20:00:00
1,11-Jun-2013 20:15:00
1,11-Jun-2013 20:30:00
1,11-Jun-2013 20:45:00
1,11-Jun-2013 21:00:00
1,11-Jun-2013 21:15:00
1,11-Jun-2013 21:30:00
1,11-Jun-2013 21:45:00
1,11-Jun-2013 22:00:00
1,11-Jun-2013 22:15:00
1,11-Jun-2013 22:30:00
1,11-Jun-2013 22:45:00
1,11-Jun-2013 23:00:00
2,11-Jun-2013 23:15:00
2,11-Jun-2013 23:30:00
2,11-Jun-2013 23:45:00
2,12-Jun-2013 00:00:00
2,12-Jun-2013 00:15:00
2,12-Jun-2013 00:30:00
2,12-Jun-2013 00:45:00
2,12-Jun-2013 01:00:00
2,12-Jun-2013 01:15:00
2,12-Jun-2013 01:30:00
2,12-Jun-2013 01:45:00
2,12-Jun-2013 02:00:00
2,12-Jun-2013 02:15:00
2,12-Jun-2013 02:30:00
2,12-Jun-2013 02:45:00
2,12-Jun-2013 03:00:00
2,12-Jun-2013 03:15:00
2,12-Jun-2013 03:30:00
2,12-Jun-2013 03:45:00
2,12-Jun-2013 04:00:00
2,12-Jun-2013 04:15:00
2,12-Jun-2013 04:30:00
2,12-Jun-2013 04:45:00
2,12-Jun-2013 05:00:00
2,12-Jun-2013 05:15:00
2,12-Jun-2013 05:30:00
2,12-Jun-2013 05:45:00
2,12-Jun-2013 06:00:00
2,12-Jun-2013 06:15:00
2,12-Jun-2013 06:30:00
1,12-Jun-2013 06:45:00
0,12-Jun-2013 07:00:00
0,12-Jun-2013 07:15:00
0,12-Jun-2013 07:30:00
0,12-Jun-2013 07:45:00
0,12-Jun-2013 08:00:00
0,12-Jun-2013 08:15:00
0,12-Jun-2013 08:30:00
0,12-Jun-2013 08:45:00
0,12-Jun-2013 09:00:00
0,12-Jun-2013 09:15:00
0,12-Jun-2013 09:30:00
0,12-Jun-2013 09:45:00
0,12-Jun-2013 10:00:00
0,12-Jun-2013 10:15:00
0,12-Jun-2013 10:30:00
0,12-Jun-2013 10:45:00
0,12-Jun-2013 11:00:00
0,12-Jun-2013 11:15:00
0,12-Jun-2013 11:30:00
0,12-Jun-2013 11:45:00
0,12-Jun-2013 12:00:00
0,12-Jun-2013 12:15:00
0,12-Jun-2013 12:30:00
0,12-Jun-2013 12:45:00
0,12-Jun-2013 13:00:00
0,12-Jun-2013 13:15:00
0,12-Jun-2013 13:30:00
0,12-Jun-2013 13:45:00
0,12-Jun-2013 14:00:00
0,12-Jun-2013 14:15:00
0,12-Jun-2013 14:30:00
0,12-Jun-2013 14:45:00
0,12-Jun-2013 15:00:00
0,12-Jun-2013 15:15:00
0,12-Jun-2013 15:30:00
0,12-Jun-2013 15:45:00
0,12-Jun-2013 16:00:00
0,12-Jun-2013 16:15:00
0,12-Jun-2013 16:30:00
0,12-Jun-2013 16:45:00
0,12-Jun-2013 17:00:00
0,12-Jun-2013 17:15:00
1,12-Jun-2013 17:30:00
1,12-Jun-2013 17:45:00
1,12-Jun-2013 18:00:00
1,12-Jun-2013 18:15:00
1,12-Jun-2013 18:30:00
1,12-Jun-2013 18:45:00
1,12-Jun-2013 19:00:00
1,12-Jun-2013 19:15:00
1,12-Jun-2013 19:30:00
0,12-Jun-2013 19:45:00
0,12-Jun-2013 20:00:00
0,12-Jun-2013 20:15:00
0,12-Jun-2013 20:30:00
1,12-Jun-2013 20:45:00
1,12-Jun-2013 21:00:00
1,12-Jun-2013 21:15:00
1,12-Jun-2013 21:30:00
1,12-Jun-2013 21:45:00
1,12-Jun-2013 22:00:00
1,12-Jun-2013 22:15:00
1,12-Jun-2013 22:30:00
1,12-Jun-2013 22:45:00
1,12-Jun-2013 23:00:00
1,12-Jun-2013 23:15:00
1,12-Jun-2013 23:30:00
1,12-Jun-2013 23:45:00
2,13-Jun-2013 00:00:00
2,13-Jun-2013 00:15:00
2,13-Jun-2013 00:30:00
2,13-Jun-2013 00:45:00
2,13-Jun-2013 01:00:00
2,13-Jun-2013 01:15:00
2,13-Jun-2013 01:30:00
2,13-Jun-2013 01:45:00
2,13-Jun-2013 02:00:00
2,13-Jun-2013 02:15:00
2,13-Jun-2013 02:30:00
2,13-Jun-2013 02:45:00
2,13-Jun-2013 03:00:00
2,13-Jun-2013 03:15:00
2,13-Jun-2013 03:30:00
2,13-Jun-2013 03:45:00
2,13-Jun-2013 04:00:00
2,13-Jun-2013 04:15:00
2,13-Jun-2013 04:30:00
2,13-Jun-2013 04:45:00
2,13-Jun-2013 05:00:00
2,13-Jun-2013 05:15:00
2,13-Jun-2013 05:30:00
2,13-Jun-2013 05:45:00
2,13-Jun-2013 06:00:00
2,13-Jun-2013 06:15:00
2,13-Jun-2013 06:30:00
2,13-Jun-2013 06:45:00
2,13-Jun-2013 07:00:00
2,13-Jun-2013 07:15:00
2,13-Jun-2013 07:30:00
2,13-Jun-2013 07:45:00
2,13-Jun-2013 08:00:00
2,13-Jun-2013 08:15:00
2,13-Jun-2013 08:30:00
1,13-Jun-2013 08:45:00
1,13-Jun-2013 09:00:00
0,13-Jun-2013 09:15:00
0,13-Jun-2013 09:30:00
0,13-Jun-2013 09:45:00
0,13-Jun-2013 10:00:00
0,13-Jun-2013 10:15:00
0,13-Jun-2013 10:30:00
0,13-Jun-2013 10:45:00
0,13-Jun-2013 11:00:00
0,13-Jun-2013 11:15:00
0,13-Jun-2013 11:30:00
0,13-Jun-2013 11:45:00
0,13-Jun-2013 12:00:00
0,13-Jun-2013 12:15:00
0,13-Jun-2013 12:30:00
0,13-Jun-2013 12:45:00
0,13-Jun-2013 13:00:00
0,13-Jun-2013 13:15:00
0,13-Jun-2013 13:30:00
0,13-Jun-2013 13:45:00
0,13-Jun-2013 14:00:00
0,13-Jun-2013 14:15:00
0,13-Jun-2013 14:30:00
0,13-Jun-2013 14:45:00
0,13-Jun-2013 15:00:00
0,13-Jun-2013 15:15:00
0,13-Jun-2013 15:30:00
0,13-Jun-2013 15:45:00
0,13-Jun-2013 16:00:00
0,13-Jun-2013 16:15:00
0,13-Jun-2013 16:30:00
0,13-Jun-2013 16:45:00
0,13-Jun-2013 17:00:00
0,13-Jun-2013 17:15:00
0,13-Jun-2013 17:30:00
0,13-Jun-2013 17:45:00
0,13-Jun-2013 18:00:00
0,13-Jun-2013 18:15:00
0,13-Jun-2013 18:30:00
1,13-Jun-2013 18:45:00
1,13-Jun-2013 19:00:00
1,13-Jun-2013 19:15:00
1,13-Jun-2013 19:30:00
1,13-Jun-2013 19:45:00
1,13-Jun-2013 20:00:00
1,13-Jun-2013 20:15:00
1,13-Jun-2013 20:30:00
1,13-Jun-2013 20:45:00
1,13-Jun-2013 21:00:00
1,13-Jun-2013 21:15:00
1,13-Jun-2013 21:30:00
1,13-Jun-2013 21:45:00
1,13-Jun-2013 22:00:00
1,13-Jun-2013 22:15:00
1,13-Jun-2013 22:30:00
1,13-Jun-2013 22:45:00
1,13-Jun-2013 23:00:00
1,13-Jun-2013 23:15:00
1,13-Jun-2013 23:30:00
1,13-Jun-2013 23:45:00
2,14-Jun-2013 00:00:00
2,14-Jun-2013 00:15:00
2,14-Jun-2013 00:30:00
2,14-Jun-2013 00:45:00
2,14-Jun-2013 01:00:00
2,14-Jun-2013 01:15:00
2,14-Jun-2013 01:30:00
2,14-Jun-2013 01:45:00
2,14-Jun-2013 02:00:00
2,14-Jun-2013 02:15:00
2,14-Jun-2013 02:30:00
2,14-Jun-2013 02:45:00
2,14-Jun-2013 03:00:00
2,14-Jun-2013 03:15:00
2,14-Jun-2013 03:30:00
2,14-Jun-2013 03:45:00
2,14-Jun-2013 04:00:00
2,14-Jun-2013 04:15:00
2,14-Jun-2013 04:30:00
2,14-Jun-2013 04:45:00
2,14-Jun-2013 05:00:00
2,14-Jun-2013 05:15:00
2,14-Jun-2013 05:30:00
2,14-Jun-2013 05:45:00
2,14-Jun-2013 06:00:00
2,14-Jun-2013 06:15:00
2,14-Jun-2013 06:30:00
2,14-Jun-2013 06:45:00
2,14-Jun-2013 07:00:00
2,14-Jun-2013 07:15:00
2,14-Jun-2013 07:30:00
2,14-Jun-2013 07:45:00
2,14-Jun-2013 08:00:00
1,14-Jun-2013 08:15:00
1,14-Jun-2013 08:30:00
0,14-Jun-2013 08:45:00
0,14-Jun-2013 09:00:00
0,14-Jun-2013 09:15:00
0,14-Jun-2013 09:30:00
0,14-Jun-2013 09:45:00
0,14-Jun-2013 10:00:00
0,14-Jun-2013 10:15:00
0,14-Jun-2013 10:30:00
0,14-Jun-2013 10:45:00
0,14-Jun-2013 11:00:00
0,14-Jun-2013 11:15:00
0,14-Jun-2013 11:30:00
0,14-Jun-2013 11:45:00
0,14-Jun-2013 12:00:00
0,14-Jun-2013 12:15:00
0,14-Jun-2013 12:30:00
0,14-Jun-2013 12:45:00
0,14-Jun-2013 13:00:00
0,14-Jun-2013 13:15:00
0,14-Jun-2013 13:30:00
0,14-Jun-2013 13:45:00
0,14-Jun-2013 14:00:00
0,14-Jun-2013 14:15:00
0,14-Jun-2013 14:30:00
0,14-Jun-2013 14:45:00
0,14-Jun-2013 15:00:00
0,14-Jun-2013 15:15:00
0,14-Jun-2013 15:30:00
0,14-Jun-2013 15:45:00
0,14-Jun-2013 16:00:00
0,14-Jun-2013 16:15:00
0,14-Jun-2013 16:30:00
0,14-Jun-2013 16:45:00
0,14-Jun-2013 17:00:00
0,14-Jun-2013 17:15:00
0,14-Jun-2013 17:30:00
0,14-Jun-2013 17:45:00
0,14-Jun-2013 18:00:00
0,14-Jun-2013 18:15:00
0,14-Jun-2013 18:30:00
0,14-Jun-2013 18:45:00
0,14-Jun-2013 19:00:00
0,14-Jun-2013 19:15:00
0,14-Jun-2013 19:30:00
0,14-Jun-2013 19:45:00
0,14-Jun-2013 20:00:00
0,14-Jun-2013 20:15:00
0,14-Jun-2013 20:30:00
1,14-Jun-2013 20:45:00
1,14-Jun-2013 21:00:00
1,14-Jun-2013 21:15:00
1,14-Jun-2013 21:30:00
1,14-Jun-2013 21:45:00
1,14-Jun-2013 22:00:00
0,14-Jun-2013 22:15:00
0,14-Jun-2013 22:30:00
0,14-Jun-2013 22:45:00
0,14-Jun-2013 23:00:00
0,14-Jun-2013 23:15:00
0,14-Jun-2013 23:30:00
0,14-Jun-2013 23:45:00
0,15-Jun-2013 00:00:00
0,15-Jun-2013 00:15:00
0,15-Jun-2013 00:30:00
0,15-Jun-2013 00:45:00
0,15-Jun-2013 01:00:00
0,15-Jun-2013 01:15:00
0,15-Jun-2013 01:30:00
0,15-Jun-2013 01:45:00
0,15-Jun-2013 02:00:00
0,15-Jun-2013 02:15:00
0,15-Jun-2013 02:30:00
0,15-Jun-2013 02:45:00
1,15-Jun-2013 03:00:00
1,15-Jun-2013 03:15:00
1,15-Jun-2013 03:30:00
2,15-Jun-2013 03:45:00
2,15-Jun-2013 04:00:00
2,15-Jun-2013 04:15:00
2,15-Jun-2013 04:30:00
2,15-Jun-2013 04:45:00
2,15-Jun-2013 05:00:00
2,15-Jun-2013 05:15:00
2,15-Jun-2013 05:30:00
2,15-Jun-2013 05:45:00
2,15-Jun-2013 06:00:00
2,15-Jun-2013 06:15:00
2,15-Jun-2013 06:30:00
2,15-Jun-2013 06:45:00
2,15-Jun-2013 07:00:00
2,15-Jun-2013 07:15:00
2,15-Jun-2013 07:30:00
2,15-Jun-2013 07:45:00
2,15-Jun-2013 08:00:00
2,15-Jun-2013 08:15:00
2,15-Jun-2013 08:30:00
2,15-Jun-2013 08:45:00
2,15-Jun-2013 09:00:00
2,15-Jun-2013 09:15:00
2,15-Jun-2013 09:30:00
2,15-Jun-2013 09:45:00
2,15-Jun-2013 10:00:00
2,15-Jun-2013 10:15:00
2,15-Jun-2013 10:30:00
2,15-Jun-2013 10:45:00
2,15-Jun-2013 11:00:00
2,15-Jun-2013 11:15:00
2,15-Jun-2013 11:30:00
1,15-Jun-2013 11:45:00
1,15-Jun-2013 12:00:00
1,15-Jun-2013 12:15:00
1,15-Jun-2013 12:30:00
1,15-Jun-2013 12:45:00
1,15-Jun-2013 13:00:00
1,15-Jun-2013 13:15:00
1,15-Jun-2013 13:30:00
1,15-Jun-2013 13:45:00
1,15-Jun-2013 14:00:00
1,15-Jun-2013 14:15:00
1,15-Jun-2013 14:30:00
1,15-Jun-2013 14:45:00
1,15-Jun-2013 15:00:00
0,15-Jun-2013 15:15:00
0,15-Jun-2013 15:30:00
0,15-Jun-2013 15:45:00
0,15-Jun-2013 16:00:00
0,15-Jun-2013 16:15:00
0,15-Jun-2013 16:30:00
0,15-Jun-2013 16:45:00
0,15-Jun-2013 17:00:00
0,15-Jun-2013 17:15:00
0,15-Jun-2013 17:30:00
0,15-Jun-2013 17:45:00
0,15-Jun-2013 18:00:00
0,15-Jun-2013 18:15:00
0,15-Jun-2013 18:30:00
0,15-Jun-2013 18:45:00
0,15-Jun-2013 19:00:00
0,15-Jun-2013 19:15:00
1,15-Jun-2013 19:30:00
1,15-Jun-2013 19:45:00
1,15-Jun-2013 20:00:00
1,15-Jun-2013 20:15:00
1,15-Jun-2013 20:30:00
1,15-Jun-2013 20:45:00
1,15-Jun-2013 21:00:00
1,15-Jun-2013 21:15:00
1,15-Jun-2013 21:30:00
1,15-Jun-2013 21:45:00
1,15-Jun-2013 22:00:00
1,15-Jun-2013 22:15:00
1,15-Jun-2013 22:30:00
1,15-Jun-2013 22:45:00
1,15-Jun-2013 23:00:00
1,15-Jun-2013 23:15:00
1,15-Jun-2013 23:30:00
1,15-Jun-2013 23:45:00
1,16-Jun-2013 00:00:00
1,16-Jun-2013 00:15:00
1,16-Jun-2013 00:30:00
1,16-Jun-2013 00:45:00
2,16-Jun-2013 01:00:00
2,16-Jun-2013 01:15:00
2,16-Jun-2013 01:30:00
2,16-Jun-2013 01:45:00
2,16-Jun-2013 02:00:00
2,16-Jun-2013 02:15:00
2,16-Jun-2013 02:30:00
2,16-Jun-2013 02:45:00
2,16-Jun-2013 03:00:00
2,16-Jun-2013 03:15:00
2,16-Jun-2013 03:30:00
2,16-Jun-2013 03:45:00
2,16-Jun-2013 04:00:00
2,16-Jun-2013 04:15:00
2,16-Jun-2013 04:30:00
2,16-Jun-2013 04:45:00
2,16-Jun-2013 05:00:00
2,16-Jun-2013 05:15:00
2,16-Jun-2013 05:30:00
2,16-Jun-2013 05:45:00
2,16-Jun-2013 06:00:00
2,16-Jun-2013 06:15:00
2,16-Jun-2013 06:30:00
2,16-Jun-2013 06:45:00
2,16-Jun-2013 07:00:00
2,16-Jun-2013 07:15:00
2,16-Jun-2013 07:30:00
2,16-Jun-2013 07:45:00
2,16-Jun-2013 08:00:00
1,16-Jun-2013 08:15:00
1,16-Jun-2013 08:30:00
0,16-Jun-2013 08:45:00
0,16-Jun-2013 09:00:00
0,16-Jun-2013 09:15:00
0,16-Jun-2013 09:30:00
0,16-Jun-2013 09:45:00
1,16-Jun-2013 10:00:00
1,16-Jun-2013 10:15:00
1,16-Jun-2013 10:30:00
1,16-Jun-2013 10:45:00
1,16-Jun-2013 11:00:00
1,16-Jun-2013 11:15:00
1,16-Jun-2013 11:30:00
1,16-Jun-2013 11:45:00
1,16-Jun-2013 12:00:00
1,16-Jun-2013 12:15:00
1,16-Jun-2013 12:30:00
1,16-Jun-2013 12:45:00
1,16-Jun-2013 13:00:00
1,16-Jun-2013 13:15:00
1,16-Jun-2013 13:30:00
1,16-Jun-2013 13:45:00
1,16-Jun-2013 14:00:00
1,16-Jun-2013 14:15:00
1,16-Jun-2013 14:30:00
1,16-Jun-2013 14:45:00
1,16-Jun-2013 15:00:00
0,16-Jun-2013 15:15:00
0,16-Jun-2013 15:30:00
0,16-Jun-2013 15:45:00
0,16-Jun-2013 16:00:00
0,16-Jun-2013 16:15:00
0,16-Jun-2013 16:30:00
0,16-Jun-2013 16:45:00
0,16-Jun-2013 17:00:00
0,16-Jun-2013 17:15:00
0,16-Jun-2013 17:30:00
0,16-Jun-2013 17:45:00
0,16-Jun-2013 18:00:00
0,16-Jun-2013 18:15:00
0,16-Jun-2013 18:30:00
0,16-Jun-2013 18:45:00
0,16-Jun-2013 19:00:00
0,16-Jun-2013 19:15:00
0,16-Jun-2013 19:30:00
1,16-Jun-2013 19:45:00
1,16-Jun-2013 20:00:00
1,16-Jun-2013 20:15:00
1,16-Jun-2013 20:30:00
1,16-Jun-2013 20:45:00
1,16-Jun-2013 21:00:00
1,16-Jun-2013 21:15:00
1,16-Jun-2013 21:30:00
1,16-Jun-2013 21:45:00
1,16-Jun-2013 22:00:00
1,16-Jun-2013 22:15:00
1,16-Jun-2013 22:30:00
1,16-Jun-2013 22:45:00
1,16-Jun-2013 23:00:00
1,16-Jun-2013 23:15:00
2,16-Jun-2013 23:30:00
2,16-Jun-2013 23:45:00
